"Country","2020-02-15","2020-02-16","2020-02-17","2020-02-18","2020-02-19","2020-02-20","2020-02-21","2020-02-22","2020-02-23","2020-02-24","2020-02-25","2020-02-26","2020-02-27","2020-02-28","2020-02-29","2020-03-01","2020-03-02","2020-03-03","2020-03-04","2020-03-05","2020-03-06","2020-03-07","2020-03-08","2020-03-09","2020-03-10","2020-03-11","2020-03-12","2020-03-13","2020-03-14","2020-03-15","2020-03-16","2020-03-17","2020-03-18","2020-03-19","2020-03-20","2020-03-21","2020-03-22","2020-03-23","2020-03-24","2020-03-25","2020-03-26","2020-03-27","2020-03-28","2020-03-29","2020-03-30","2020-03-31","2020-04-01","2020-04-02","2020-04-03","2020-04-04","2020-04-05","2020-04-06","2020-04-07","2020-04-08","2020-04-09","2020-04-10","2020-04-11","2020-04-12","2020-04-13","2020-04-14","2020-04-15","2020-04-16","2020-04-17","2020-04-18","2020-04-19","2020-04-20","2020-04-21","2020-04-22","2020-04-23","2020-04-24","2020-04-25","2020-04-26","2020-04-27","2020-04-28","2020-04-29","2020-04-30","2020-05-01","2020-05-02","2020-05-03","2020-05-04","2020-05-05","2020-05-06","2020-05-07","2020-05-08","2020-05-09","2020-05-10","2020-05-11","2020-05-12","2020-05-13","2020-05-14","2020-05-15","2020-05-16","2020-05-17","2020-05-18","2020-05-19","2020-05-20","2020-05-21","2020-05-22","2020-05-23","2020-05-24","2020-05-25","2020-05-26","2020-05-27","2020-05-28","2020-05-29","2020-05-30","2020-05-31","2020-06-01","2020-06-02","2020-06-03","2020-06-04","2020-06-05"
"Afghanistan",-7.33,4.83,5.33,4.17,1.5,1.83,4.33,4.33,4,6,4,2.5,2,2.5,1.83,5.67,5,4.33,1.67,4.17,5.5,3.5,5.17,-9,2.33,1.17,0.5,4.5,3.5,4.5,3.83,1.17,1,-0.17,-5.33,-14.83,-4,-3.67,-6,-8.17,-8,-5,-18.5,-21.5,-24.33,-25.67,-23.5,-22.67,-16.17,-22.67,-23.67,-24.17,-25.17,-28.17,-28.5,-21,-27,-28.33,-27.33,-28.83,-27,-27.83,-21.17,-25.83,-26.83,-24.67,-25.33,-25,-25.17,-22.33,-27,-27.5,-30.5,-26.67,-24,-26.67,-22.33,-27,-29.5,-26.67,-27.17,-25.5,-25.17,-17.5,-22.67,-24.67,-21.67,-21.83,-21.67,-20.33,-9.33,-14.33,-20,-15.83,-16.83,-17.17,-15.67,2.33,-22.67,-36.33,-33.67,-36,-29.83,-27.83,-19.5,-23.33,-23.17,-22.5,-27.67,-33,-35,-34.5
"Angola",2.33,-2.83,-1,-1.33,-4.5,-1.5,0.83,3.17,-1.17,-15,-22.17,-2.33,1.67,4.17,5.83,5.17,5.5,4.17,4.83,6.17,4.33,6.33,2.33,2,1.17,0.33,2.5,0.83,1.83,-2.83,-1.5,-3.33,-1.83,2,-2.17,-1,-17.33,-32.17,-15.5,-15.5,-6.17,-29.17,-25.83,-31,-34.83,-36.17,-36.5,-35.17,-36.33,-33.83,-34.17,-34.17,-35.67,-36.33,-33.17,-40.67,-29.17,-32.33,-36,-34.67,-37,-34.5,-36.33,-35.5,-36,-36.67,-35,-37.67,-34,-35.17,-26.17,-28,-25.17,-20.5,-21,-16.5,-35.83,-17.67,-28,-24.67,-22.5,-23.67,-20,-23.67,-15.83,-26.5,-23.33,-21.17,-23,-20.33,-22.33,-15.5,-26.33,-22.17,-22,-23.67,-20.5,-21.5,-15,-24.17,-20,-16.33,-14.17,-11.17,-10.33,-4.83,-12.67,-7,-9,-10.67,-9.17,-10.83
"Antigua",-1.83,-0.5,0,1.17,0.17,-0.5,-1.17,0.5,1.67,-1.5,0.33,-2.17,1,4.83,5.33,5.83,6.17,2.83,2.33,2.67,2.83,4.17,3.67,0.17,2.5,1.17,4.17,4.67,-3,-6.83,-7.33,-10.67,-11.83,-10.83,-10.67,-13.33,-24.33,-16.5,-18.33,-16.67,-17.17,-15,-27,-35.33,-25.17,-22.17,-19.17,-68,-65.17,-61.83,-57.83,-60.67,-59.17,-58.33,-51.17,-75.83,-53.67,-55.67,-65.33,-56.83,-53.83,-53.5,-52,-50.67,-52,-51.5,-51.83,-51,-43.67,-42.33,-42,-46.17,-36.67,-37.5,-35.33,-34.17,-32.33,-37.17,-42.83,-56.17,-31.83,-28,-29.83,-27.33,-32.33,-36.17,-30.17,-30.17,-30.33,-27.5,-24,-28.33,-32.33,-25,-26.33,-25.83,-25.33,-22.67,-26.33,-30.83,-22.83,-25.17,-23.33,-23.33,-18.17,-20,-28.33,-47,-19.67,-21.5,-21.67,-19.83
"Argentina",-0.33,-5,-5.83,3.5,4.67,1.17,2.5,3.5,7.17,-12.5,-17.83,4.67,2.33,2.83,1.83,-1.67,3.17,3.67,4.17,3.83,5.83,2.33,-0.33,4,5.33,-6.33,2.5,2,-11.67,-12.33,-11.33,-23.17,-24.17,-23,-50.33,-53.5,-58.33,-62,-62.17,-55.17,-55.67,-53.67,-53.17,-57.67,-55.33,-59.5,-52.67,-52.67,-49.67,-49.5,-54.33,-49.5,-47,-46,-48.5,-58.83,-48.33,-53.67,-49,-45.83,-45.5,-49,-48.17,-49.83,-55.5,-49.83,-49.33,-49.17,-49.5,-48.83,-50.83,-54.83,-50.67,-52.33,-46.17,-43.83,-62.17,-45.5,-53,-47,-45.67,-44,-43.17,-41.17,-41.5,-49.17,-42.17,-41.17,-41.17,-41.83,-40,-39.67,-47.33,-41.33,-40.67,-41.33,-42.83,-41,-38.33,-45.83,-56.5,-40.17,-40,-40.17,-38.5,-39.17,-46.67,-40.5,-39.17,-39.5,-39.67,-37.67
"Aruba",6.5,-1,-0.67,-1,-1.67,3.33,2,1.83,3.83,-15.17,4.83,0.5,1,4.67,5.67,4.33,2.67,6.33,3.67,0.83,4,5,1,2.67,1.33,0,0.17,4.17,-5,-10.67,-9.83,-14.83,-39.83,-26.17,-27.5,-34.33,-44.33,-34,-34.5,-36.5,-35.83,-30.83,-32.17,-65.67,-48.83,-46.5,-45.67,-45.17,-43.17,-50.33,-53,-41.67,-41.33,-40,-37.17,-77.17,-46.83,-71.17,-70.33,-37.83,-40.83,-40.67,-39.17,-48.67,-53.67,-40.17,-41.5,-40.67,-38.83,-36,-38,-44.67,-58.33,-32.5,-32.67,-28.67,-57,-32.83,-41.83,-28.67,-27.5,-29.17,-29,-26.33,-26.33,-35,-28.83,-28.67,-30,-30,-28,-30.67,-36.33,-25.67,-26.83,-22.67,-41.33,-20.5,-23.5,-30.5,-21.5,-22.67,-22.33,-20.83,-14.67,-16.17,-23,-18.5,-18.5,-20.33,-19.83,-14.5
"Australia",1.83,3.17,2.5,0.33,2,4.33,5.17,4.83,3,2.33,2,2.83,3.67,6.33,7.33,6,3.33,2.33,2.83,1.17,5.67,5,3.83,-2.33,2.33,4,5,4.67,-0.17,0.33,3.33,0.5,-0.17,-1.83,-3.33,-6.67,-9.83,-10.17,-18,-20.17,-19.83,-20.83,-24.83,-29.5,-27,-27.67,-27.83,-29.67,-27.5,-31.17,-31.5,-27.5,-28,-26.67,-20.83,-50,-29.83,-38.33,-35,-27.17,-26.5,-25.83,-25.33,-27.5,-29.17,-27.67,-26.67,-25.83,-25,-23,-32,-24.5,-25.83,-26.33,-28.83,-27.67,-24.83,-22.83,-21.67,-27,-23,-23.17,-21.33,-18.33,-16.83,-18.33,-21.67,-21.67,-21.33,-20.67,-19.17,-15.17,-15,-19.5,-20,-19.67,-21.17,-18.5,-16.83,-19,-19.83,-18.33,-16.67,-15.17,-15.67,-10.5,-13.83,-18.5,-18.33,-15.33,-14.17,-11.67
"Austria",10.5,14.83,8,8.5,1.83,2.5,1,13,6.33,8,15,2.33,3.17,1.17,2.5,2.83,4.5,0.33,3.5,1.5,-1,-0.17,12.33,0.5,2.33,2.5,3.67,-2.5,-15.67,-26.17,-33.67,-41.83,-38.67,-40.5,-40.33,-51.5,-55.67,-45.5,-43.67,-46.83,-46.33,-41.33,-38.83,-50.33,-45.17,-41.83,-40.5,-40.67,-42,-41,-41,-36.83,-33.83,-34,-34.83,-36.5,-36.67,-40,-55.67,-35.5,-30.67,-29.83,-30.17,-29.33,-45.17,-30.33,-27.17,-26.5,-27.83,-29.5,-27.83,-27,-28.67,-23.67,-32.67,-21,-48.33,-18.5,-29.67,-18.5,-22.67,-18.5,-16.5,-15,-12.67,-22.5,-21.33,-19.17,-21.5,-23.17,-26.33,-13.67,-8.67,-8,-9.17,-3.83,-29.17,-10.33,-16.33,-18,-18.33,-16.17,-6.67,-19,-14,-7.17,-22.17,-16.5,-2.5,-7,-9.33,-14
"Bahrain",-1.33,-1,-2.5,-2,-2.83,-1.83,-0.33,-0.5,-0.83,-2.33,-3.17,-7,-7.17,-9.67,-5.17,-3.67,-5.33,-5.5,-5.83,-5.83,-7.17,-5.33,-5.17,-6.83,-6,-7.33,-8,-12,-11.33,-6.83,-9,-9.83,-14.83,-16.67,-24.33,-18.5,-17.5,-18.67,-19.83,-20.17,-25.5,-38.5,-29.83,-25.67,-25.83,-23.67,-24.5,-24.5,-33.33,-25,-21.17,-22.83,-23,-24.33,-24.17,-32.17,-23.17,-20.33,-21.5,-21,-21.5,-21.33,-29.83,-21.5,-19.17,-18.67,-17.67,-17.33,-18.5,-36,-27.83,-22.33,-23.33,-23,-24.17,-23.83,-32.33,-28,-24.33,-22.33,-21.67,-22.83,-21,-26.83,-20.33,-17.67,-19,-19.67,-21.67,-21.67,-29.17,-21.83,-17.83,-17.83,-18.17,-17,-17,-24.67,-15.67,-25.5,-24,-23,-17.5,-18,-25.5,-17.83,-14,-15.17,-15.33,-17,-17.17,-24.33
"Bangladesh",6,3.83,2.67,2.67,2.17,3.67,5.5,5.17,5.17,3,1.5,2.5,5.33,7.33,7.5,5.5,4,3,4.67,7,-6,8.17,8.17,5,5.33,5,5.33,5.33,3.33,5.5,5.33,-4,-0.33,-3.5,-8.33,-9.17,-11,-14,-15.17,-26,-44,-39.83,-40.5,-40.33,-40.5,-39.5,-39.33,-42,-39,-39.5,-39.33,-42.5,-43.5,-43.67,-45.5,-44.67,-45,-44.5,-44.33,-45.67,-45.17,-44,-42.5,-44.33,-44,-44.67,-44,-44,-44.17,-41.67,-44.17,-45,-43.83,-43.67,-41.83,-41.83,-42,-41,-40,-40.33,-40.17,-40.5,-38.33,-35.83,-35.33,-33.17,-33.33,-32.67,-34.17,-32.67,-29.67,-29.17,-30.17,-30.33,-30.5,-34.33,-40.33,-26.17,-28,-26.33,-34.5,-37.17,-40.5,-33,-29.33,-29.17,-24.5,-25,-25.17,-25,-27.83,-23.67
"Barbados",1.17,2.33,-0.5,-1,-5,2,1.67,0.5,2.33,-1,3.67,4.5,6.67,7.33,8,14.17,0.67,1.17,1.67,2,2.67,-0.83,1.5,-2.33,-0.17,0.67,2,1.67,0.17,-0.5,-1.5,1,-5.5,-9.17,-12,-13.5,-22.33,-18.83,-19.17,-20.33,-20.67,-19.67,-29.83,-48.5,-45.83,-44.5,-43.67,-43.17,-43.83,-75.5,-72.17,-65.67,-63.67,-59.33,-55.17,-76,-54.83,-67.83,-67.17,-58.83,-49.5,-50.17,-49,-51.17,-56,-52.17,-52.33,-49,-52.5,-49.17,-51.17,-55.5,-48.67,-66.83,-46.17,-43.67,-65,-47.67,-54.83,-41.83,-42.5,-37.5,-39.17,-38,-38.33,-45.17,-39.17,-38.5,-36.83,-39,-37.33,-38.5,-45,-34.5,-35.17,-35.83,-33.5,-31.67,-31.67,-38,-31.17,-31.5,-28.33,-29.83,-30,-29.5,-36.33,-52.33,-23.83,-24.83,-25.5,-28.83
"Belarus",9,2.5,3.5,2.83,4.83,7.67,7.33,8,5.33,1.67,1.67,5.67,2.67,4.17,5,1.83,2.67,5.67,4.83,6.33,9,11.67,14.17,3.67,5.83,2.33,1.67,4.83,-3.67,2.67,2.83,2,4.83,1.67,5.67,-3.33,-6.83,-1.83,0,4,4.83,5,6.67,4.33,-9,-6.33,-11.17,-11.33,-13.17,-2.83,-7.67,-5.67,-1.5,-5.17,-7.83,-9.17,-13,-7.83,-11.67,-13,-15.5,-13.67,-10.33,-13.33,-23.33,-13.33,-9.33,-5.5,-4.67,-5,-5.5,-3.17,-12.83,-14.67,-10.67,-6.33,-15,-17.17,-0.33,-6.33,-8.67,-11,-6,2.33,-3,5.5,1.5,-12.67,-6.83,-4.33,0.17,-8.17,-4.83,-7.67,-7.17,-2.33,-7,-4.5,1,0.83,1,2,4.33,5.5,-4,-15.83,-0.33,-3.17,-11.33,-2.33,1.17,5.17
"Belize",8.83,5.83,2.17,3.5,1.5,5.83,1.67,3.83,7,2,3.67,1.5,2,4.83,10.5,4.17,5.33,1.5,4.33,7,4.17,6,0.33,-18.67,3.67,4.17,8.5,8,7.83,0,-0.5,-3,-5.17,-1.5,1,-1,-18.83,-12.83,-28.5,-30.17,-36.67,-34.83,-37.33,-41.17,-34,-31.83,-33.17,-47,-46.5,-49,-57,-47.17,-48.83,-48.83,-42.5,-73,-56.5,-71,-64.5,-48.33,-47.67,-47,-46.67,-47.5,-71.33,-46.17,-45.83,-48,-48.5,-47.33,-46.5,-53,-39.67,-40.5,-37.5,-32,-51.5,-35.67,-45.5,-29.67,-31.17,-30.83,-32,-31,-27.5,-34,-28.5,-29,-30.83,-28.83,-24.83,-23,-31.17,-24.67,-25.67,-26.5,-25.17,-24,-22.33,-26,-39.33,-23.33,-25.5,-22.33,-18.83,-21.67,-31.5,-20.17,-24.17,-22.5,-21.17,-19.17
"Benin",1.5,-0.83,-0.5,-2.33,-2,-1.33,1,1.83,1.33,0,-1.33,-0.17,0.5,0.83,2.17,1.67,2.17,1,3.17,2.5,-1.67,3.83,4,1,2,1.5,1.67,1.67,1.17,0.33,0.67,2.83,4.67,2.83,2.5,1.83,-1.83,1.33,-6.5,-1,-0.67,-0.33,1.67,-2.17,-8,-8.83,-8.83,-7,-8.17,-8.67,-6,-6.17,-8.33,-11.5,-11.67,-12.5,-11,-11.33,-20.67,-9.17,-8.33,-8.17,-10.33,-7.17,-9.5,-7.33,-7.17,-11.33,-8.67,-10.5,-9.5,-14.5,-10,-11.67,-10.17,-6.83,-20,-9,-13.83,-7.5,-8,-5.83,-6,-6.5,-4.33,-10.33,-3.67,-5.5,-3.83,-1.83,-1.5,1.67,-2.5,-2.67,-6.17,-3.33,-13.5,-5.83,-4.33,-5.33,-6.67,-5.83,-4.83,-9.5,-2,-3.5,-3.5,-16,-6.33,-2.5,-4,-2
"Bolivia",1.83,2.5,1.83,1.5,4,4,3.83,2.83,0.17,-20.83,-32.33,-7.17,-2.17,-1.67,-1.83,-4.5,-1.83,-0.17,2.17,1.67,1.67,2.33,-0.17,0.67,0.33,2.5,1.5,-4.17,-6,-11.67,-17.33,-17.33,-23.5,-27.83,-31.17,-23.5,-56.67,-60.17,-59.83,-60.17,-62,-60.33,-68.67,-67.5,-59.67,-59.83,-59.17,-59.17,-56.83,-68.5,-67.17,-57.33,-57.83,-56.33,-55.67,-67,-57.67,-66.67,-56.67,-59.17,-58.5,-57.67,-56.5,-67.33,-66.83,-56.5,-57.67,-56.67,-57,-55.5,-67.83,-66.83,-55.67,-56.17,-56.17,-54.83,-65.17,-55.5,-64.5,-54.5,-55.33,-55,-54.33,-52.17,-65.33,-63.83,-50,-51.5,-49.83,-50,-47.83,-64.33,-62.67,-47,-47.67,-47.33,-46.83,-45.5,-63,-61.33,-43.5,-41.67,-40.67,-45.33,-42.33,-61.83,-60.17,-35.5,-37.17,-36.83,-37.67,-33.67
"Bosnia and Herzegovina",5.5,8.5,6.17,4.67,4.5,3.17,5.33,6.83,6.33,3.5,7.33,1.17,0.17,1,3.5,-2.67,-7.17,2.67,2.33,8.5,3.83,2.83,7.5,2.17,6,5.67,5.83,-1.33,-6.5,-7.17,-6,-11.33,-17.83,-21.33,-25.5,-33.83,-45.33,-39.67,-43,-42.5,-42.33,-41.17,-41,-40.67,-38.5,-40.5,-39.33,-34.33,-34,-36,-38.17,-30.5,-27.33,-28.83,-28.5,-28.5,-32.17,-32.33,-30.5,-36.33,-28,-22.83,-31.33,-31,-40.67,-31.67,-31.67,-26.67,-23.83,-26.67,-26.33,-31.67,-23.83,-20.67,-23.67,-13.83,-47,-38.17,-36.67,-17.17,-16.33,-23.5,-14,-14.17,-15.83,-14.67,-12.33,-13.17,-9.5,-10.17,-7.67,-6.5,-8.67,-5.5,-9.67,-15.67,-2,-0.33,-0.33,0.33,-5.83,-8.5,-7.5,-1.83,-5.33,-1.17,-0.17,-1.5,3.5,1.83,3.17,-1.17
"Botswana",-3.5,-3.33,-6.17,-4.33,-0.33,3.5,6.33,3.83,1.33,-4.17,-2.5,-1.5,1,5,4.33,5.17,-0.5,3.67,-0.67,0.67,2.5,1.33,0.33,-3.67,-4.67,-6.33,-6,-4.17,-6.83,-5.83,-11.83,-10.17,-9,-6.33,1.83,2.67,-3.83,-5.33,-1.83,2,7,9.17,2.5,-2.83,-4.5,-1.5,-5.5,-6,-46.33,-44.33,-41.83,-43,-44.17,-46,-44.83,-48.33,-44.33,-41.5,-49.17,-41.33,-41.83,-36.83,-40,-41.33,-41.17,-41.67,-40.67,-41.17,-40,-37,-37.67,-37.5,-38.83,-38.67,-36,-33.83,-41.83,-36.33,-36.83,-36.67,-38.33,-39.17,-36,-32.5,-31.67,-30.5,-30.17,-31,-30.17,-28.83,-24.67,-22.67,-25.33,-22.83,-23,-20.33,-23.17,-8.5,-2.17,-4,-4.83,-6,-4.67,0,2.5,9.5,7,3.33,-0.17,2.83,0.67,5
"Brazil",3,-0.67,2.17,1.33,2.17,5.67,6.17,2.83,7.17,-2.67,-15.83,-11,-0.83,-0.5,-2.5,-7.67,-0.67,-0.67,2,4.67,6.5,3.83,1.33,4.17,3.33,3.83,3.67,4.17,-0.5,-4.33,-2.83,-8,-11.5,-17.67,-22.5,-34.83,-42.83,-38.67,-43,-41.67,-40.33,-39,-40.33,-42.5,-37.5,-36.33,-34.5,-34.33,-33.83,-34.67,-38.17,-32.67,-31.17,-29.83,-25.33,-47.67,-32.5,-37.83,-32.67,-34.33,-31.83,-31.5,-30.67,-33,-36.83,-31,-45.17,-30.17,-31.5,-30.17,-31,-35.17,-31.17,-31.17,-29.17,-24.17,-43.33,-30,-35,-28,-27.83,-27,-25.33,-22.83,-22.5,-27.5,-27.5,-29,-29,-29,-27.83,-28.5,-32.5,-28.17,-28.83,-27.33,-27.33,-27.5,-29.17,-34.67,-30.5,-27.83,-26,-25,-22.83,-23.17,-28.33,-24.17,-25.5,-23.17,-22.83,-20.17
"Bulgaria",-1.17,18.17,6.67,7.17,4.17,-1.5,1.83,-0.83,15.33,1.5,6.83,8.83,1.67,1.83,3,18.83,8.33,3.5,1.17,2.33,3,5.33,6.83,-4.67,-7.33,0.83,7.5,2,-18.33,-34.5,-25.5,-28.67,-30.33,-28.17,-29.5,-36.5,-39.83,-41,-43,-39.83,-38.33,-36.17,-36.67,-35,-33.17,-37.33,-40.33,-37.83,-34.5,-42.17,-41.17,-33.67,-31,-29.5,-27,-27.67,-29.5,-29.33,-27.83,-29.83,-29.83,-22.83,-36.83,-39.5,-39.17,-48.17,-36.33,-29.67,-26.83,-28,-27,-27.83,-23.5,-23.67,-23.83,-20.33,-29.5,-27,-30.5,-26,-14.5,-35.5,-16.83,-13.83,-9.83,-0.5,-9,-10,-9,-6.83,-10.5,-6.83,1.5,-7.17,-7.33,-6,-16,-8.83,-4.83,2.83,-17.67,-12.83,-11.5,-10.17,-11,-4.17,2.5,0.5,-9.83,-1.5,3.17,-0.83
"Burkina Faso",1.83,-0.33,0.5,0.67,-1.17,-2,-1,-1.83,-2.33,-0.17,0.67,-0.33,0.17,0.33,1.33,3,0.83,1.83,2.83,1.17,1,2.83,2.33,-7.67,1.67,-0.83,-1.33,-1.5,-1.33,-1.83,-2.17,-2.33,-3.67,-5.83,-8.33,-14.17,-15.5,-13.17,-14.17,-15.17,-18.17,-20,-20.83,-20.33,-19.5,-17.5,-17.83,-19,-19.17,-18.67,-19.17,-17.5,-18.17,-19.17,-18.5,-19.5,-17.67,-19.67,-25.83,-17.17,-18.83,-18.17,-18,-18.83,-18.17,-15.17,-12.17,-13,-12.67,-15.67,-15.5,-15,-12.83,-12.17,-13.5,-12.67,-23,-14.67,-15.33,-13.17,-11.33,-10,-9.67,-9,-10,-9.83,-9,-7.17,-8.5,-8.83,-7,-6.67,-7,-7,-8.33,-6.5,-13.33,-1.83,-6.33,-8.33,-16.5,-1.5,-3.83,-2.5,-2,-4.83,-0.67,-2.5,-1.33,1.33,-0.83,-3.17
"Cambodia",-1.33,-1.67,-2.5,-2.83,-3,-2.67,-2.17,-2,-2.17,-3.5,-3.17,-2.33,-2.83,-3,-2.83,-1.5,-2.33,-2.5,-1.67,-1.5,-2.33,-3.5,-4,-8,-5,-4.83,-5.67,-5.33,-7.83,-9,-9.5,-13.17,-15.33,-17.17,-18.17,-21,-22.5,-22.83,-24.17,-24,-24.83,-25.33,-27.17,-27.17,-26.5,-26.17,-25.83,-26.33,-25.5,-28,-27.5,-26.17,-26.5,-25.67,-26.67,-28,-30.33,-30,-30.67,-32.83,-32.67,-32,-29.5,-29.83,-28,-25.83,-25.5,-25.33,-25.5,-25.17,-25.67,-24.17,-24.17,-23.67,-22.17,-21,-24,-23.67,-21.83,-22.33,-21,-21.83,-20,-19.67,-19,-16.83,-20.17,-18.5,-18.33,-19.83,-18.17,-17.83,-18.67,-17.67,-20.5,-18.5,-17,-18.5,-18.67,-15.83,-17.83,-19.5,-16.83,-17.33,-16.67,-16.5,-17,-16,-17.5,-17,-16.17,-15.67
"Cameroon",1.33,-0.83,0.83,0,-0.33,-0.67,-0.83,-2.5,-5,-2.33,-0.83,0.83,1.5,1.33,-0.17,0.17,1.5,1,2.83,3,3,2.5,6.83,-1.33,-0.83,0.17,-1,-1.83,-3,-2.33,-1,-0.67,-2.83,-7.17,-11,-9.67,-13,-9.67,-13.83,-11.33,-11.67,-11.83,-12.33,-13.67,-13.33,-13,-14.5,-16,-15.33,-14,-14,-15,-15,-17.17,-16.33,-21.67,-16.67,-15.5,-14.5,-15.5,-15.83,-16.5,-15.33,-16.33,-17.33,-16.33,-17,-16.67,-16.17,-15.83,-14.5,-15.5,-13.67,-12.83,-12.5,-15,-22.83,-14.33,-15.17,-13.83,-12.33,-11.67,-10,-9.83,-9.67,-9.5,-10,-9.33,-10.67,-10.67,-8,-8.33,-9,-9.5,-10,-21.67,-15.5,-10.33,-8.83,-8,-14.17,-6.83,-7.67,-5.83,-5.17,-4.83,-5.17,-8.5,-5.83,-7.5,-6.67,-5.67
"Canada",3.33,10.67,-5.5,1.33,1.83,4,1.33,8.67,10.17,4.33,3.17,0.17,-4.83,-0.5,6.33,8.67,0.83,2.67,3.33,4.67,0.5,6.17,12.17,6.5,-1,3.67,7,-0.67,-2.5,0.67,-4.67,-12.17,-14,-15.33,-22.67,-19.67,-24.33,-29.83,-28.5,-29,-32.5,-30.83,-34.5,-34.33,-36.67,-31.33,-31.33,-33,-35.5,-31.67,-36.67,-29.17,-29.33,-29.17,-28,-43.67,-30.67,-40.67,-37.67,-30.17,-31.17,-29.33,-32.67,-27,-34.67,-25.17,-32,-32.5,-28.17,-29,-22.5,-32,-24.5,-25.5,-26,-27.83,-24.33,-21,-19,-24.83,-19.33,-18.33,-19.33,-23.33,-20.67,-20.5,-21.83,-20.67,-15.17,-17,-19.5,-9,-8.33,-17.5,-10.33,-7.17,-7.5,-9.67,-1,1.83,-8.83,-5.83,-4.33,-8.17,-10.83,-4.17,-3.67,-4,-7.67,-6.83,0.83,-1.33
"Cape Verde",-1.33,-4.5,-2.33,-3.67,-2.17,-1.17,-1.67,-1.67,0.17,-0.17,-5,-19.83,-1.33,-3.83,-1.67,-3.17,0.5,-2.83,-1.83,-1.83,-3.83,-2,-3.67,-1.67,-4.33,-4.5,-2.83,-5.33,-6.33,-10.67,-3.83,-8.5,-8.5,-12.33,-17.83,-27.17,-34.67,-25.33,-28.83,-32.67,-30.83,-40,-41.33,-48.83,-41.67,-43.5,-43.83,-44.5,-45.17,-50.17,-47.83,-45,-47.33,-46.33,-46.5,-58.17,-50.33,-50.17,-46.33,-48,-47,-47.17,-47.5,-51.83,-50.83,-45.83,-47.5,-47.5,-47.67,-47.83,-52,-51.5,-42.83,-44.17,-44,-40.17,-57.17,-43.5,-47,-37.83,-40.17,-38.17,-38.33,-39.17,-40.5,-44.33,-36.67,-39,-38.67,-36.17,-36.5,-36.83,-41,-29.17,-35,-33.5,-34.33,-35.5,-37.17,-40.33,-31.5,-34.67,-33.67,-32.17,-32.17,-33,-36,-41.33,-29.5,-29.5,-30.5,-31.17
"Chile",2,2.67,1.33,1.5,1.67,1,0.17,1.83,0,-0.83,0.33,-0.33,0.17,2.67,3.67,3.5,2,2.5,2.17,1.33,2.33,0.33,3.33,1.17,0.5,-0.83,-1.33,0.67,-0.83,-3.83,-7.83,-16,-19.5,-27.83,-30.67,-36.83,-43.83,-39,-39.83,-39.33,-37.5,-42.67,-42.83,-47,-41.5,-39.33,-39.5,-40.83,-40.33,-41,-44.83,-40.67,-40.33,-40.67,-39,-54.83,-49.5,-50.17,-41,-40.67,-40.33,-40.67,-39.83,-40.5,-44.83,-40.33,-40.17,-40,-40.83,-40.83,-39.67,-44,-39.83,-40.17,-38,-33.5,-57.33,-36.33,-40.5,-35.5,-34.5,-36,-35.67,-35.5,-37,-41,-41,-40,-39.17,-39.5,-38,-43.33,-46.83,-43.83,-43.33,-41.83,-53,-42.33,-42,-45.17,-41,-41.67,-42.17,-42,-40.33,-38.83,-42.17,-40.17,-40.83,-41.33,-40.67,-39.5
"Colombia",2.17,0.33,3,3.5,0.33,-1.17,1.83,-1,-4.5,-0.5,-0.17,0.33,0.33,5.5,5.67,4,5.5,6,3.5,3.83,5.33,3,2.33,1.33,2,0.33,-0.5,1,-0.5,-4.5,-5.5,-8.5,-13.5,-15.17,-37.83,-54.33,-55.83,-59.67,-45.17,-57,-56.17,-55,-56.33,-58,-54,-52.5,-53,-52.33,-52.67,-54.67,-57,-52.67,-51,-50.67,-59,-63,-57.33,-58,-52.33,-52.17,-51.33,-51.5,-49.67,-55.17,-56.67,-51.83,-51.17,-52.17,-50.83,-50.67,-52.33,-55.33,-48.17,-48.5,-47,-45.83,-53.33,-50,-52.67,-44.67,-43,-43.67,-42.17,-41.5,-43.5,-46.67,-41,-40.17,-40.83,-41.17,-39,-41,-46.83,-37.67,-38.5,-37.5,-37.5,-36.67,-38.5,-45.17,-51,-35.17,-36.17,-35.83,-33.67,-36.5,-40,-32.33,-31,-34,-31.5,-31.33
"Costa Rica",4.17,1.33,4,2.83,2,1.5,1.67,0.33,-0.33,2.33,1.5,1,1,4.83,5,3.5,5.83,4.17,2.67,1.83,2,0,-2.17,1.5,0.17,-2.33,-3.5,-1,-3.17,-8.83,-4.83,-14.17,-19.83,-25,-29.33,-35,-42.33,-33.83,-36.67,-37,-37.17,-35.17,-37.67,-44.33,-34,-34,-34.5,-33.17,-35.83,-45,-46.83,-45,-44.67,-54.33,-61.33,-63.33,-58.17,-56.33,-33.33,-33.67,-33.33,-33,-32.67,-43,-46.67,-31.33,-33.33,-33.83,-34.83,-33.83,-41.5,-44.5,-31.17,-32,-32.17,-28,-36.17,-38,-41,-26,-28.17,-28,-30.67,-27.67,-35.33,-39.67,-25.83,-27.17,-27.5,-28.17,-24.17,-31.83,-37,-23.83,-24.67,-26.83,-27.83,-25.67,-33.67,-37.83,-26,-28.17,-29.17,-27.67,-23.83,-31.17,-35.83,-23.33,-24.67,-28.33,-27.83,-26.33
"Croatia",7.5,9.83,5.17,1.5,3.5,3.33,4.5,8.67,7.83,5.83,5.17,-3.83,0.83,-0.33,-0.33,-9.67,2.5,0.5,2.17,4.83,-0.83,4,7,3.67,5.33,7.5,8.17,0.17,-5,-7.83,-6.33,-12,-12.5,-22.17,-27.5,-36.33,-45.67,-46.17,-51.33,-51.17,-51.33,-48.33,-46.67,-48.83,-46,-45.67,-43.17,-41,-40.17,-40.67,-41.5,-36.33,-34.83,-34.33,-31.33,-33.67,-37,-52.67,-50,-44.83,-33.67,-32.17,-31.67,-29.83,-32,-35.5,-36,-30.33,-29.5,-29.5,-26.67,-29.17,-23,-25.5,-29.5,-18.33,-52.33,-23.67,-35.83,-16.17,-23.33,-20,-16.67,-16.17,-10.33,-31.83,-11.5,-18.83,-10.83,-12.5,-12.5,-4,-21.67,-4.33,-12.33,-12.5,-2.5,-3.33,4.5,-17.67,-5,-7.33,-3.5,-4.67,2.5,-22,-1.5,3.33,0.67,-1.17,-4.17,-7.33
"Czech Republic",12.17,9.67,3.67,6,1.17,3.17,0.83,9.67,-1.5,3.17,4.5,3,3.5,0.83,2,9.67,3.67,-2.33,3.5,3.83,0.83,0.5,14.67,1.67,4.17,-5.83,0,-7.5,-7.67,-7.67,-26.5,-30.5,-27.33,-30.33,-31.83,-41,-38.33,-32.67,-30.67,-30.17,-32.17,-26.17,-22.83,-34,-30.33,-31.83,-26,-25.17,-29.83,-26.5,-16.17,-20.67,-22.5,-20.83,-17.17,-32.33,-18.5,-14,-57,-29.17,-25.17,-18.33,-19.67,-12.67,-23.83,-21,-18.5,-17.17,-16.17,-18,-17.67,-10.17,-13.83,-11.83,-19.5,-10.83,-28.5,-15.67,-16.17,-16.5,-16.83,-13.83,-1.67,-25.17,5.17,-5.83,-16.83,-8.17,-12.33,-18.17,-18.33,-3.5,-1.17,-11.5,-9.83,-8.67,-7,-10,-18.17,-7.17,-14.67,-9.17,-3.83,-12.67,-6.83,0.83,-12.67,-2.33,-5.33,-4.5,-7.83,-8.33
"Denmark",-1.83,-9.5,-1.33,1.67,1.67,-0.83,2.33,-6.5,-1.67,2.17,-0.83,0.17,4.83,8,-1,2.5,6.17,2.5,3.83,6.33,2.33,10.33,-1.17,2,-2,4.33,-9.5,-18.17,0.33,-21.5,-12.17,-13.33,-24.33,-8.17,-16.5,-9.17,-15.5,-16.33,-14.83,-13.83,-9.5,-9.67,-8.67,-17.17,-15.5,-7.83,-20.67,-22,-18.33,-9.17,3.17,7.67,10.67,6.17,1.67,-7.83,-7.33,0.5,-17.33,-5.33,-8.67,-2.17,2.5,5.5,7,6.17,9.83,8,13.83,2.33,7.33,-1.67,-7.33,1.33,-14.83,-14.5,-6.67,-4.5,6.5,-0.17,2.83,0,16.33,5,22,4.33,-1.5,-5.67,1.83,0.5,-5,-5.17,-6.33,-5.33,9.5,26.17,29.17,8.17,13.33,-7.5,9.5,19.33,8,19.83,29.67,37.17,32.67,37.67,34.83,19.33,10.67,-1.17
"Dominican Republic",0.83,-9.67,-1.17,0.33,-0.17,1,0.83,0.67,-4.17,0.83,1.33,0.33,-6.83,0.67,4.67,-3.33,0.67,0.83,0.83,1.17,0.33,2.17,-7.67,-3.83,-1,-1.83,-2.33,-2,-0.33,-9.67,-5.67,-8,-14,-33.17,-42.17,-49,-51.83,-47.33,-51.33,-52.17,-53.17,-54.67,-55.17,-55.5,-49.5,-52.33,-52.67,-52.83,-52.17,-53.17,-53.83,-50.83,-51.17,-51.17,-49.67,-59.83,-54.83,-54.67,-50,-50.5,-49.67,-48.67,-48.83,-51.5,-52,-48.83,-51.33,-48.67,-48.5,-48.83,-49.67,-50.33,-47.33,-47.5,-47,-46.67,-46.83,-46.83,-47.83,-50.67,-44.67,-44.5,-44.33,-43.83,-44.17,-45.5,-43.33,-43.33,-43.83,-44.5,-43.5,-42.17,-43.33,-40.67,-40.17,-36.33,-35.67,-35.67,-34,-39.67,-31.5,-32.83,-33.5,-34.17,-32.5,-28,-29.67,-30.83,-31.33,-30.17,-30.33,-30.33
"Ecuador",1,1.33,1,1.17,0.33,-0.17,-1.5,-1.17,1.67,-19.67,-24.67,-4.5,-2.67,-2.5,0.33,-0.67,0.83,1.17,0.17,-0.33,-1.67,-0.5,3.67,-1.33,-0.83,-2.33,-0.5,-6.5,-7.67,-14.67,-10.5,-43.33,-55.67,-56.5,-56.83,-58.17,-56.17,-58.5,-58.5,-61,-60.17,-59.33,-59.33,-57.5,-57.83,-58.5,-57.67,-58.5,-56.67,-56.5,-56,-58,-57.67,-57,-56.5,-57.67,-64.33,-63,-55.17,-54.83,-55.33,-54,-53,-61.83,-61.67,-52.83,-54.5,-54.17,-54.33,-53.33,-59.83,-60.33,-52,-52.33,-51.83,-51.33,-51.5,-57.5,-57.83,-48.33,-48,-47.17,-47.17,-45.67,-51.83,-49.67,-46.33,-45.33,-45.67,-45.83,-44.67,-50.83,-52.33,-43.17,-42.83,-41.33,-40.83,-40.83,-45,-50,-38,-37.83,-38.67,-37.67,-37.83,-39.5,-46,-30.83,-33.67,-31.83,-30.67,-31.33
"Egypt",5.67,4,4.5,3.67,1.17,-0.5,7.17,3.17,1.17,-2,-5.33,4,3.83,11.67,5,5,6.17,6.33,6.33,4.33,10.33,6.17,4.33,3.83,5.67,7.17,-46.83,-30.83,-11.67,-3.83,-3.67,-9.33,-11.67,-18.5,-20.5,-22.17,-26.17,-28.5,-27.5,-34.67,-35.5,-48.33,-47.67,-31,-33.83,-34.17,-32.67,-32.17,-39.33,-40,-27.33,-27.33,-27.67,-27.83,-26.83,-36.5,-36.33,-25.33,-27,-27,-26.83,-27.83,-37,-37,-29.33,-50.17,-24.17,-24,-23.5,-37.33,-35,-29.83,-31.17,-30,-29,-28.83,-26.33,-29.17,-26.33,-27.67,-26.33,-24.5,-25.5,-22.5,-22.33,-21.67,-23,-23.33,-25,-25.83,-20.17,-22.17,-23.33,-24.33,-25.17,-24.33,-24.33,-13.17,-20,-42.33,-41.83,-43,-42.83,-44.33,-36.33,-24.5,-23.67,-23.67,-24.33,-24.83,-26,-22.33
"El Salvador",1.83,2,1.17,1,0.5,0,1.17,-0.17,-0.17,0.17,-0.33,0.17,-0.5,1.83,2.33,3.67,3.17,1.17,1,-0.5,0.83,-0.83,-1,-0.17,-0.5,2.83,-3.83,-3.17,-4.83,-10,-7.67,-12,-16.17,-20.67,-28.67,-32.67,-53.33,-48.67,-50.83,-50,-50,-48.17,-51.33,-52.5,-45,-45.17,-44.67,-46,-46.33,-49,-50.33,-46,-49.83,-49.83,-53.33,-59.5,-57.5,-54.5,-48.5,-48,-46,-46,-46.17,-50.33,-54,-47.17,-48.5,-47.83,-48.17,-46.33,-49.5,-52.67,-45.17,-46.17,-44.33,-42.5,-51.33,-45.83,-50.17,-42,-42.83,-41.17,-56.17,-55.83,-56.33,-52.33,-51.5,-53.5,-52.67,-49.83,-49.5,-53.33,-53.67,-48.67,-48.67,-49.33,-49.67,-47.83,-50,-52.83,-48.67,-47,-46,-47.83,-47.83,-51,-54.5,-51,-48,-45.33,-46.83,-48.33
"England",-11.33,-8.33,3.5,1.83,-0.5,-1.5,-0.17,-2.67,-1,-2.67,1.33,1.17,1.83,-1.83,-2.33,4.67,3.83,2.67,1.17,0,5.83,1.5,3.83,1,0.67,1.67,1.33,1.67,-2.83,-3.83,4.17,-4,-8.17,-8,-11.33,-17.83,-19.5,-22.17,-34.5,-36.17,-37,-40,-47.83,-49.67,-42.33,-40,-41.67,-40.83,-40.5,-44.17,-43.5,-39.83,-36.83,-37.83,-36.17,-42,-43,-49.67,-45,-36.5,-36,-36.33,-41.33,-45.17,-38.83,-35.5,-34.33,-34.17,-33.17,-34.5,-38.5,-37.17,-34.5,-43.5,-40.33,-40.17,-37.83,-36.83,-38.83,-32.67,-32.33,-29.17,-27.67,-34,-34.33,-42.33,-33.67,-30.67,-30.5,-26.5,-27.5,-30,-26.33,-23.83,-20.83,-17.5,-20.5,-27.17,-32,-22.5,-10.67,-16.83,-17,-14.33,-15.67,-17.5,-13.5,-13.33,-13.67,-28.33,-24.5,-26.33
"Estonia",-0.67,-2.17,0.17,2.33,4.33,5.83,0.17,-8.17,10.17,8.67,2.83,-1.67,-0.5,-1.5,1.67,-0.5,3.17,0,-1,3.33,7.83,8.67,28.17,4.83,2,-1,2,-4,-12.17,-3,-20.33,-17,-27.67,-11.5,-18.17,-17.83,-5.67,-17,-20.5,-19.83,-19.5,-24.5,-19.83,-26.17,-28.83,-28.5,-25.33,-29.67,-34.17,-23.17,-15.5,-17.5,-13.67,-10.5,-18,-24.5,-22.33,-35.33,-22.83,-27.83,-22.33,-26.5,-23,-20.33,-14.5,-14.33,-8.17,-5.5,-10.17,-19.5,-16.17,-11.83,-14.67,-27.5,-16.17,-11.33,-16.33,-18.83,-6.33,-11.83,-1.67,0.17,-7.83,-7,0,14.33,-19.5,-5.33,-12.33,-6.83,-9,-12,-8.67,-2,1.33,-0.83,-1,3.33,9.67,4.33,7.17,12.33,11.17,3,5.17,7.83,15,4.83,9.17,10.33,-4,10
"Fiji",2.5,1.67,-0.5,0.67,0.67,2,4,2,3,0.17,1.67,0.67,0,2.5,2.17,1.67,-1,1.33,0.83,3.67,4.5,3.83,4.17,0.17,1,0.5,-3.17,0.33,0.33,0.67,-1.33,-2.33,-3.33,4.5,-4.83,-15,-14.83,-8.17,-8.67,-11.5,-14.67,-14.5,-19.33,-21.67,-19.83,-22.17,-20,-17.33,-27.17,-29,-29.67,-28.83,-26.17,-53.33,-33.33,-45.5,-30.5,-32.5,-46.5,-26.17,-27.83,-25.33,-20.33,-17.17,-23.17,-19,-19.33,-20.67,-19.33,-19.17,-15,-24.5,-20.33,-19.17,-20.33,-14.83,-12.17,-9.17,-17.67,-10.83,-11.5,-11.33,-10.83,-11.33,-4.33,-8.83,-13,-11,-12.5,-9.83,-8.33,-7,-13.17,-11.67,-11,-9.83,-11.5,-9.83,-8.17,-11.83,-14,-11.67,-11.83,-9.5,-7.17,-8,-15,-8.5,-6.17,-6,-7.33,-4.33
"Finland",-1.67,-6.5,-1,1,3.17,1.33,-4,-6.5,7,2.83,6.83,5.5,4.67,4.17,5.33,-2.83,2.17,1.17,-0.67,-0.17,3.33,5.83,9.33,-0.17,-2.83,-2,-1.17,-4.33,-5.67,-6.83,-8.5,-15.17,-14.5,-13.5,-14.83,-14,-8,-18,-17.83,-16.5,-15.5,-17,-15.17,-16.67,-20.67,-26.5,-18,-23.17,-25.83,-14.83,-10.17,-16.17,-13.33,-7.83,-8,-17.83,-9.17,-31.67,-20.83,-23,-17.67,-19.67,-18.67,-13.83,-8,-13.17,-2,-3.83,-8.5,-15.5,-12.17,-12.17,-12.5,-16.33,-10.5,0.5,-14.67,-11.5,-3.67,-6.33,2.33,0.17,-3.33,-4.83,2.83,-2.67,-21.33,-8.67,-7.5,-5.17,-5.17,-11.83,-4.83,-2.17,-4.5,0.33,-4,8.33,8,0.17,-0.67,7.17,1.5,-2.5,1.67,17.67,12.67,8.83,9.67,13.17,-0.17,1.67
"Flemish Region",7.17,-7.5,3.17,5.67,4.33,1.17,4.5,-0.67,-7.83,-2.83,2.33,-6.5,-8.5,-3.83,-2.5,1.33,-1,4,2.83,-2.83,2,8.5,-4,1.67,-1,-0.67,2.5,1.5,-21.17,-19.83,-12.33,-8.33,-25.67,-36.33,-42.17,-42.17,-40,-38,-35.17,-38.67,-39.33,-38.33,-42.17,-52.33,-42,-37.83,-38.67,-41.83,-40.5,-39.33,-36,-38.17,-32.33,-34.5,-34,-34,-35.17,-38.33,-54.33,-36.5,-35.83,-33.67,-34.5,-43.17,-39.5,-34,-31.17,-32,-30.33,-33.67,-34.33,-30.5,-30.33,-38.5,-36.17,-30.83,-51.83,-34,-32.17,-28.5,-24.17,-23.67,-22.83,-24,-20.83,-30.67,-26.67,-20.5,-24,-22.17,-20.67,-19.17,-13.83,-14.83,-10.83,-8.17,-24.33,-21,-16.5,-18.67,-12.67,-8.17,-10.33,-10.17,-10,-3.83,-0.17,-15.67,-3.17,-9,-19.83,-22.67
"France",4.83,3.67,0.33,4.67,-0.83,1.67,2.17,5.17,9.17,6.33,2,-2,-3.5,0.67,-3,-0.83,-3,1,-1.67,-5.17,-0.5,1,-0.17,-0.83,-1.33,1.5,-0.83,1,-6.17,-4.5,-12.33,-35.83,-49.17,-49.33,-51,-56,-58.5,-51.5,-52.5,-53.83,-53.33,-53,-56,-61.17,-53.5,-52,-52,-51.67,-51.17,-53.17,-56.33,-50.5,-49.67,-50.67,-49.17,-49.5,-51.67,-55.33,-63,-46.17,-48.33,-47.67,-48,-52,-56.67,-49.33,-48.17,-48.33,-46.83,-47,-50,-52.17,-46.83,-47.33,-46.33,-43.5,-63.67,-45.67,-50.5,-41.5,-41.5,-41,-38.67,-53.67,-43.17,-48.83,-29.17,-24.17,-28.83,-26.83,-25.17,-21.67,-19.5,-18.83,-17.5,-13.67,-23.83,-19.5,-22.17,-14.67,-16.33,-14.17,-14.67,-14.83,-14.83,-8.67,-1.83,-18,-7.17,-12.83,-18,-15.17
"Gabon",0,-2,-3.5,-1.83,-2.5,-2.83,-6.5,-5.5,-5.83,-4,-2.5,-6.83,1,2.17,0.67,0.17,0.83,1.5,-1.83,2.33,1.17,-7.67,2.17,-4,-5.17,-9.33,-2.17,-1.33,-5.5,-6.5,-5.83,-6.83,-8.33,-9.17,-10.83,-18.83,-26.17,-22.83,-23.17,-21.17,-18.5,-17.83,-20.33,-22.5,-20.5,-19.83,-22.83,-20.33,-21.33,-19.5,-20,-21,-19.83,-20.5,-22.33,-17.5,-18.67,-12,-44.5,-35.5,-35.67,-31.83,-37,-33.33,-32.33,-33.17,-30.5,-32,-29.83,-30.17,-31.17,-27.67,-28,-21.67,-19,-15.83,-30.5,-18,-20.5,-20.17,-18.17,-19.5,-13.83,-17.5,-14.33,-19,-17,-16.17,-17,-16.5,-16.5,-15.83,-18.5,-17.5,-17.33,-21,-25.5,-16.67,-16.83,-19.67,-15.17,-14.5,-13.83,-13.17,-13.67,-11.67,-13.17,-26,-14,-15,-14.17,-14.83
"Georgia",3.67,6.33,1.33,4.83,4.5,5.17,10.17,5.5,5.17,4.5,-0.33,6.17,6.5,6.83,3.83,0,0.83,1.17,4.17,5,5.17,4,12.67,-0.5,1.33,-0.67,-2.83,-3.83,-6.17,-3.5,-17,-18.67,-22.83,-21,-19.5,-24.67,-28.5,-30.67,-32.5,-32,-32.5,-30.5,-31.17,-34.33,-37.67,-40,-39.33,-41.5,-37.67,-39.83,-35.33,-39.67,-41.17,-40.67,-41,-36,-37.17,-36.83,-36.67,-34.83,-32.5,-38.17,-41.83,-49,-51,-53.67,-54.33,-53,-50.83,-49.5,-49,-45.5,-31.83,-34,-36.83,-35.67,-36.67,-34.67,-32,-37.67,-37.33,-39.5,-37.17,-35.67,-38,-37,-29.5,-28.33,-31,-28,-27.17,-25.67,-25.33,-28.33,-28,-27.83,-28.5,-30.67,-28.5,-29,-34.83,-25.5,-25,-25.33,-25.5,-20.67,-16.5,-18.67,-30,-35.33,-35.17,-35.33
"Germany",10.17,5.17,1.67,2.5,1.33,2.5,2,4.83,-2.67,-1.17,-0.17,-2.17,-2,3,2.33,8.67,3,1.83,2.5,-1.33,-3.17,3.17,10.83,0.5,-4.67,2,-1,-1.33,1.17,9.5,3,-4.83,-7.17,-16.33,-23,-33.5,-31.17,-26.5,-24.83,-24.33,-25.83,-22.17,-21.33,-45.5,-27.5,-22.83,-20.67,-23.17,-27.17,-21.5,-13.17,-13,-12.5,-9,-11.67,-37.67,-14.67,-15.67,-46.33,-19.33,-14.17,-12.33,-14.33,-17,-11.5,-14.17,-12.5,-9.83,-9.83,-14.5,-13,-3.67,-10.17,-17,-16,-14,-46.67,-19,-9.83,-15.83,-12.5,-6.83,-6.83,-6.33,-1.83,-7.33,-21.17,-11.83,-12.67,-10.67,-9,-2.67,8.17,-1.83,0.33,11.17,-4.33,-4.5,-8.83,-5.67,-5.83,1.33,4.17,1.33,5.33,11.67,25.17,4.5,12.67,6.5,-9.67,-8.33
"Ghana",-0.5,-1.5,-2,-1.33,-2.17,-2.17,-1.83,-1.33,-1.83,-2,-0.83,-1.67,-0.83,-0.33,0.33,0.5,0.83,0.5,2.83,1.83,-6.67,0,1.33,-0.33,0.33,-0.83,0.33,0,-2.17,-2.33,-5,-4.83,-5.67,-6.83,-8.33,-5.5,-11.67,-16,-14.83,-13.33,-10.83,-16.33,-3,-4.17,-35,-34.17,-35.83,-34.67,-34.33,-34.33,-29.33,-33.33,-31.83,-32.17,-30.67,-37,-31.5,-27.83,-37.33,-30.67,-31.5,-31.83,-32.17,-31.5,-29.17,-23.83,-19.17,-20.17,-18.67,-19.5,-16.5,-26,-15.5,-14.33,-14.5,-14.17,-23.33,-14.17,-20.33,-13.17,-12.83,-12.83,-12.67,-13.5,-10.33,-17.17,-12.33,-11,-11.83,-12.33,-12.33,-9.83,-14.33,-10.33,-11.5,-11.5,-10.67,-12.17,-9,-12.67,-23.5,-8.83,-10.67,-12.83,-10,-10.83,-10.17,-7.5,-10,-6.67,-7.67,-7.67
"Greece",-2.5,7.17,7.83,-2,6.33,3.83,-1.33,-3.83,7.67,7.5,4.17,6,7,5.67,7.17,23.33,4.83,2.33,0.83,4.33,2.33,0.17,0.17,-4.5,0.83,0.5,-0.33,-4.33,-15.33,-29.83,-26.17,-28.67,-32.33,-32,-32.33,-36,-23.67,-45.5,-42.33,-62.5,-45.17,-45.83,-45,-47.5,-35.83,-40,-42.5,-40.33,-42.5,-49.17,-52.33,-40.67,-41.83,-38.17,-35.5,-35.17,-36.67,-20.67,-30.33,-33.67,-33.33,-26.5,-35.33,-37.17,-51.67,-52,-37.83,-38.33,-35.5,-32.33,-31.17,-28.67,-24.67,-27.17,-25,-18.67,-43.83,-28.33,-23.5,-11,-12.17,-11.17,-12,-10.33,-9.17,0.17,-0.17,-3.33,-1.5,-0.83,-3,-1.83,3.5,5,-0.5,2,-6,-3.5,0,10.33,4.67,-10.33,-4.33,-1.5,-0.67,4.67,8.83,3.33,2.17,3.17,8.67,6.33
"Guatemala",2.17,2,-0.5,0.17,0.17,-0.17,-0.33,-0.5,0.33,-2.5,-2,-0.5,0.83,2,4.67,4.17,0.5,1.33,2.5,1.67,1.83,0.83,2.17,-2.17,-1.33,0,0.33,3.5,1.5,-6.17,-5.17,-26.17,-33.67,-35.83,-37.5,-42.5,-48.5,-45.5,-45.5,-44.17,-43.83,-42.33,-41,-41.33,-38.67,-36.67,-35.83,-37,-36.33,-36.33,-37.83,-39,-38.67,-38.83,-48,-57.5,-55,-51.33,-40.33,-39.17,-38,-37.67,-38.17,-38.67,-41.33,-37.83,-37.5,-37.83,-38.17,-38.33,-36.83,-39.83,-38,-37.83,-35.5,-34,-39.5,-33.5,-37,-33.83,-33.83,-33.17,-34.17,-33.83,-30.67,-29.83,-35.33,-35.5,-36,-37.17,-61.33,-62,-62,-27.67,-32.33,-32.5,-32.67,-31.83,-66,-65.17,-33.17,-33.67,-33.17,-31.83,-27.67,-65.67,-65.33,-31.67,-33,-32.67,-34,-34
"Guinea Bissau",0.5,-0.5,-1.33,0,-0.67,2.17,-1.83,-1.83,-0.67,-5.33,-10,-8.17,-1.33,0.5,0,0.5,-2,-1.67,-2.67,1.17,-0.67,-1.33,-1.33,-9.5,-3.5,-1.67,-2.83,-3.67,-5.17,-4.83,-5.33,-5,-7.83,-12.17,-10.83,-11,-10.5,-8.83,-12.67,-10.83,-20.83,-25,-20.33,-12.83,-20,-30,-25,-20.33,-24.5,-16.33,-14.83,-11.17,-10.17,-11.67,-11,-13.5,-3.5,-3.5,-8.5,-6.33,-8,-7.5,-9.5,-2.67,-2.17,-5,-9,-9,-9.17,-9.5,-2.83,-2,-5.17,-8,-7.5,-7.17,-12,-2.5,-2,-4.5,-7.83,-7.5,-7.17,-8.5,-4.67,-1.17,-5.33,-7.5,-9.33,-7.83,-16.83,-4.67,-1.17,-8.5,-4.83,-15.67,-4.5,-6,-2.17,-1.5,-7.5,-4.17,-3.17,-4.5,-4.17,-1.67,-0.5,-3.17,-3,-2.5,-3.33,-2.5
"Haiti",-1.67,0.5,-2.67,-3.17,-5.33,-5.17,-4.17,-3.67,-10.83,-27.17,-20.83,-17.5,-3,-3.5,-4,-7.67,-3,-3,-2.17,-1.83,-1,-2.67,-7,-5.33,-3.33,-3.83,-2.33,-1.5,-2.5,-4,-4.17,-5.17,-4.5,-5,-7,-17.83,-21.67,-22,-24,-24.67,-24.33,-24,-23.17,-23.17,-25.5,-25,-24,-25.33,-24.5,-24,-23.67,-24.33,-24.5,-24.5,-22.83,-36.83,-25.67,-28.17,-27.33,-27,-26.67,-25.17,-25,-23.5,-25,-23.33,-24.67,-24.67,-24.17,-24.33,-24.17,-25,-27.5,-26.5,-22.33,-20.33,-30.17,-21,-24.5,-22.17,-22.17,-22.33,-20.83,-20.33,-19.5,-23.33,-21,-21.83,-24,-22.33,-19.67,-17.5,-22,-33.83,-22.67,-22,-21.83,-22.83,-21.83,-23.5,-22.83,-25,-27.67,-27,-24.5,-18.83,-20.17,-22.67,-22.83,-22.83,-21.67,-21.83
"Honduras",1.33,2.17,2,0.67,0,-0.33,0,-2.33,-3,-0.33,-0.5,-1,-4.17,-3,-1.33,1.5,2.17,2.33,1.67,1,1.67,-1.17,-3.5,0.17,-0.33,2.33,-0.33,-1.33,-3,-9.33,-18.67,-43,-49,-47,-56,-57.33,-55.83,-53.33,-55.17,-46.83,-51,-47,-52.83,-50.67,-46.5,-59.17,-44,-60.67,-40.67,-60.83,-59.17,-47.5,-58.67,-46,-59.17,-52.17,-55.83,-55.17,-45.5,-47,-43.83,-44.5,-43.5,-55.67,-54.67,-43.33,-45,-46,-46.67,-45.83,-56,-55,-43,-45.17,-43.33,-43.33,-47.67,-58.5,-57.83,-46.83,-46.83,-45.5,-45.83,-43.67,-54,-48.67,-41,-40.83,-40.83,-41.83,-39.17,-54.67,-54.67,-38.83,-40.33,-39.67,-40.83,-39.83,-53.83,-54.33,-37.67,-39.83,-39.83,-40.5,-37.5,-53.5,-54.83,-38,-37.5,-36.83,-38,-35.83
"Hong Kong",-15.67,-19.5,-13,-13,-12.83,-12.33,-13,-10.33,-12,-12.67,-12.83,-12.33,-12,-12.33,-9.5,-10.67,-11.5,-10.5,-13.83,-11.17,-10.17,-8.17,-11.33,-11.33,-8.67,-10.83,-9.83,-10,-8.33,-7.17,-8.17,-10.33,-14.83,-13.5,-12,-12.5,-12.17,-11.5,-13.17,-13,-14.5,-12.67,-18.5,-23,-20.67,-20.17,-16,-14.83,-14.83,-20.5,-27,-23.67,-14.17,-13.17,-10.17,-15.83,-19.33,-13.33,-14.33,-12,-11.17,-11,-12.33,-12.33,-14.33,-13,-13.67,-20,-15,-16,-12.17,-12.83,-11.67,-11.83,-9.67,-10.67,-13,-9.33,-11.67,-10.83,-10.67,-10,-9,-9,-8.33,-8.5,-10.5,-11,-9.83,-9.17,-9,-7,-9,-15,-9.67,-10.17,-12.33,-11,-8.5,-7.33,-13.33,-11.33,-10,-7.5,-7.33,-17,-8.17,-7.67,-9.17,-7,-6.5,-7.33
"Hungary",14,16.83,7.33,6.67,4,4.33,1.17,10,9,5.5,10.17,0.33,4,0.33,4,4.33,3.67,2,1.83,6.83,0.17,7.5,16.5,7,9,6.33,10.33,1,2.5,-18.17,-3,-11,-14.67,-19.33,-21.67,-31.5,-37.17,-35.5,-33.33,-35.33,-31.67,-22.33,-33,-31.83,-35.67,-31.5,-29.5,-28,-26,-23.67,-21,-23.83,-20.17,-19,-13.83,-49.67,-24.33,-41.83,-52.17,-28.33,-25.33,-23.33,-21.83,-22.17,-31.33,-24,-22.5,-22.67,-22.67,-22.5,-24.67,-21.33,-22.83,-19.5,-24.5,-13.67,-50,-16.5,-18.5,-18.5,-20.33,-20.17,-17.17,-12.33,-5.33,-3.5,-15.33,-18.83,-19.33,-14.67,-17.17,-4.83,-10,-7.5,-10.83,-12,-8,-5.67,-1.5,-6,-14.33,-12,-10.5,-10,-8,5,-26.17,-14,-2.83,-3.5,-3.67,-8.83
"India",2.33,1.5,1.33,1.83,1.5,2.83,-2.67,-0.5,0.17,1,0.33,1,1,1.67,0.67,1.67,1.67,1.33,2.67,2,1.67,3.33,3.67,-1,-16.83,-2.17,0,-0.83,-5,-3.33,-2.33,-4.5,-5.17,-7,-10,-16,-51.67,-33,-44,-51.5,-50.67,-50.83,-51.17,-49.17,-50.33,-50,-50.67,-50.83,-49.83,-50,-48.5,-50,-47.17,-47.33,-47.67,-47.67,-48.33,-46.33,-47.17,-48,-46.33,-48.17,-47.83,-50.33,-48.17,-49.17,-49.17,-49.17,-49.17,-48.5,-48.83,-48.33,-48.67,-48.83,-47.83,-47.17,-48.17,-47.33,-46.17,-44.33,-44.17,-42.33,-42.67,-41.33,-42.5,-42.83,-40.83,-41,-40,-40.17,-38.5,-38.67,-39.67,-37.67,-37.33,-37,-36.67,-35.67,-35.83,-37.33,-37.5,-34.83,-33.67,-34,-32.83,-32.5,-34,-30.17,-30.5,-30.17,-29.83,-28.67
"Indonesia",-0.83,-2.17,-1.83,-0.83,-1.33,0.33,-0.33,0.17,-1.33,-0.83,-3,-0.5,0.83,1.33,1.83,0.33,4.17,3,0.5,3,2.17,2.33,0.83,1.83,2.83,2.67,1.83,1.83,-0.67,-3.5,-4.67,-6.83,-8.67,-12,-14.33,-15.5,-20.83,-19.83,-21,-29.83,-24.33,-25.5,-27.67,-30,-26.17,-25.33,-23,-24,-26,-28.17,-29.67,-26.17,-25,-25.67,-23.67,-34.67,-30.83,-31,-25.83,-26,-26.17,-26,-28.5,-30.17,-30,-26,-26.67,-25.33,-23.67,-34.83,-34.5,-35.5,-31.33,-31.33,-30.17,-28.33,-35,-32,-32.17,-28.33,-28,-27.5,-32.5,-29.83,-31.67,-30.5,-27.17,-25.83,-25.33,-24.67,-24.83,-24.67,-25.5,-24.17,-20.17,-18.67,-19.5,-20.33,-22.83,-33.5,-30.5,-25.67,-23.17,-22.83,-24.5,-24.5,-22.5,-23.67,-19,-19,-19.17,-21.5
"Iraq",12.5,8.33,9.83,10.83,8.67,7.17,11,10.17,9.83,9.5,3.17,8.67,6.67,9.17,10.83,6,8.67,8,8.5,2.83,3.33,5.17,4.33,3.5,3.17,1,-3.67,-5.67,-14,-11.67,-13.17,-17.17,-36.5,-38.17,-37,-42.33,-42.5,-42.33,-41.83,-42.33,-43.17,-40.33,-42.67,-41.5,-42.17,-39,-40.17,-40.17,-37.5,-39.67,-41.83,-42.5,-37.83,-38.5,-40.67,-36.83,-36,-36.33,-35.17,-34.83,-33.83,-35.17,-31.67,-30.83,-29,-28.83,-21.83,-20.33,-20.83,-32,-32.33,-20.83,-21.67,-19.67,-19.17,-21.17,-30,-26.83,-16.17,-19.83,-19.33,-16,-14.67,-19,-18.5,-5.83,-5.5,-4.5,-6.67,-10.67,-15,-12.5,-6.5,-7,-6.17,-4.67,-4.33,-8.83,-9.33,-29.33,-27.67,-26.83,-20.17,-22.67,-18,-16,-17.33,-15.83,-27.83,-22.67,-20,-15.67
"Ireland",-11,-7.83,2.5,1.67,-2.5,1.33,-2.33,-1.33,-0.5,1.5,1.67,1.83,4.67,2.17,-8.67,0.83,3.67,7.67,6,4.17,3.5,-0.67,-0.33,-2.83,4.67,-0.5,0.5,-8.67,-13.67,-8.5,-11,-21.5,-19.83,-18.17,-21.33,-25.83,-18.33,-25.17,-23.83,-26.5,-26.17,-28.67,-44.67,-48.33,-42.33,-39,-41,-41.33,-40.33,-42.5,-47.33,-35.83,-31.17,-34.67,-35.83,-38.83,-37,-55.67,-43.67,-33.33,-34.33,-35,-38.5,-41.33,-41.5,-33.5,-31.67,-33.5,-32.83,-34,-34.5,-42,-31.17,-31.67,-39,-36.5,-35.17,-31.33,-32,-29.83,-26.17,-25.67,-29.17,-25.5,-23,-38.5,-26,-23.67,-30.17,-36.83,-39.33,-36.83,-38.83,-35,-29.67,-26,-31.17,-35.83,-32.83,-26.17,-28,-24.33,-24,-22.83,-25.17,-21,-21.33,-21.83,-19.33,-29.17,-29.67,-30.17
"Israel",16.33,2.83,2.5,2,-3.17,2.5,10.17,-3.17,2,-0.17,-1.17,5,5.67,17.67,2.33,5.33,15.67,3,7.5,6.33,-0.83,12.33,9.83,4.67,3.67,4.5,-6.33,-16.83,-4.33,-6.33,-8.5,-27.5,-30.33,-34.17,-41.83,-42.5,-32.33,-30.83,-33,-34,-44,-46.67,-51,-37.67,-41.33,-41,-41.33,-39.17,-41.5,-45.67,-34.67,-31.5,-30.33,-52.83,-66,-48.17,-48,-39,-38.17,-47.5,-63.67,-39.17,-40,-43.5,-33.17,-35.33,-34,-32.5,-32.17,-35.5,-41.33,-26.17,-28.33,-34.67,-59.67,-26,-23.33,-27.33,-20.17,-20.33,-26.83,-20,-15.67,-10,-19,-10.83,-11.67,-11.17,-10,-10,-4.83,-16.83,-11.17,-11.67,-12,-13.5,-11.33,1.67,-7.17,-13.17,-8.17,-6.67,-4,-20,-28.67,-5.17,-10,-10.67,-11.33,-9.67,-9,6.5
"Italy",7.5,6.83,2,4.17,2.33,4.5,4.17,6.5,6.83,2.67,-1.5,-8.83,-7,-4.33,-5.33,-13.5,-12.5,-7,-3.5,-10.17,-10.17,-8.17,-9.83,-18.33,-23.83,-28.83,-40.67,-43.83,-52.17,-57.33,-47.33,-49,-50.17,-51.17,-51,-56.5,-66.17,-53.83,-54.5,-55.67,-56.67,-54.67,-57.83,-65.83,-54.17,-54.33,-54,-53.67,-52.17,-56.17,-65.17,-51.83,-51.33,-51.5,-50.33,-49.33,-54.17,-68.33,-69.33,-51.67,-50.5,-49.83,-49.17,-54.17,-63.83,-52.83,-51.5,-51,-49.33,-46.17,-64.83,-60.67,-46.17,-48.5,-46.83,-43.83,-64.5,-47.5,-56,-32.83,-33.83,-34.17,-33,-32.33,-33,-41.67,-36.5,-31,-34.5,-31.33,-32.33,-32.67,-34.83,-23,-25.33,-23.5,-20,-19.17,-15.83,-17.83,-18.67,-17.67,-16.83,-17,-19.67,-14.17,-13.67,-4.67,-9.83,-14.67,-22.17,-16.33
"Ivory Coast",2.67,2.67,1.5,2.67,1.17,2.17,0.83,-0.33,2.5,-0.33,2,0.5,1.67,1,2.33,4.83,3.33,4.33,5,5.5,3.83,2.33,4.67,3.83,6.17,6.17,4,1.33,-2.5,0.67,2.17,3.33,-1,-2.83,-5,-7.67,-8.83,-8.33,-10.83,-13,-12.67,-16.17,-16.5,-17.5,-17.17,-16.5,-17.5,-15.17,-17.17,-18.67,-18,-16.67,-17.5,-18.33,-16.67,-18.5,-17,-18.33,-29,-17.67,-17.83,-17.17,-19.17,-18.67,-17.67,-17.5,-16.33,-18,-16,-19,-19.33,-21.67,-17.83,-16,-14.67,-11.67,-23.5,-16.17,-17.17,-14.83,-12.67,-11.5,-9.17,-12.5,-10.67,-9.17,-10.33,-8.17,-10.33,-9.33,-9.5,-8,-10,-9.83,-7.67,-17.33,-18,-7,-21,-8.67,-8.67,-8,-6.67,-5,-5.17,-5.33,-3.83,-14,-1,-1,-2.5,-2
"Jamaica",-0.17,6.33,-1.83,-2.17,-1.17,-1.17,-1.67,-1.83,-1.17,-0.67,5.5,-23.5,4.17,0.17,-0.17,1,1,1,1.17,0.17,0,1.33,-1.67,-2.83,2.17,1,-0.5,-6.83,-9.83,-18.17,-15.83,-17,-22.83,-23.5,-23,-21.5,-30.5,-25.33,-26.67,-25.83,-25.67,-24.83,-26.33,-34.33,-28,-26.83,-32,-32.5,-31.33,-30.83,-37.67,-30.83,-30.83,-28.83,-18.5,-59,-38,-43.5,-58,-26,-31.33,-36.33,-35.83,-29.33,-46.5,-39.17,-39.5,-35.5,-40.33,-34,-31.5,-45.33,-34.83,-40.5,-33.67,-39.17,-33.17,-31.17,-39.67,-35,-34.17,-31.33,-31.5,-29.5,-24.67,-31.33,-31,-31,-29,-29.17,-26.67,-24,-33,-28.17,-29.5,-27.17,-26.33,-22.83,-18.83,-37.67,-55.5,-20.5,-21.33,-22.33,-22,-18.17,-26.5,-21.83,-23.33,-21.67,-21.83,-21.67
"Japan",2.5,-10,-1,0.5,1.17,1,1.17,-2.67,3.67,1.33,1.17,-1.5,-1.17,0.17,-6.17,-3.33,-5.83,0.83,-8.83,-5.33,-3.17,-6.83,-14.33,-1.33,-9.5,-0.5,0.33,-1.33,-14,-2.33,-4.67,0.33,0.83,2.5,-3,2.33,-1.33,-1,0.67,4.67,4,-6,-12.33,-16.83,-4.67,-1.67,-13.67,-3.33,-1.83,-4.67,-11.33,-3.17,-3.5,-7.5,-9.5,-11,-13.5,-25.33,-25,-9.5,-8.5,-11,-13.83,-29.83,-17.83,-22.33,-13.17,-17.17,-17,-17.33,-19.67,-23.83,-17.83,-13.5,-19.67,-13.5,-16,-21.5,-24.83,-23.5,-17.17,-29.33,-13.83,-14,-20.33,-24.67,-14.33,-12.83,-13.67,-13.33,-14.67,-28,-15.67,-18,-17.33,-13.5,-14.33,-14.17,-14.5,-11.83,-10.17,-12.33,-9.33,-9.33,-9,-9.33,-14,-10.83,-6.83,-7.67,-7.83,-8.5
"Jordan",6.17,2.17,1.67,1.5,-0.5,0.33,5.17,-2.17,2.33,2,-1.17,3.83,6.17,17,2,0.5,1.67,3.33,4.83,6.33,-2.33,0.83,1.83,1.17,2.33,3.33,-5.83,-11.83,-7,-4,-7.33,-12,-41,-45.33,-26.17,-64.67,-65.17,-65,-58.67,-46.83,-47.83,-47.5,-54.17,-53.33,-52.33,-52,-51.17,-49.67,-64,-50.67,-50,-51.67,-50.67,-50.83,-47.5,-65.33,-67.5,-46.17,-49.33,-49,-46.17,-45.17,-64.83,-67.17,-43.33,-46,-43.17,-39.83,-38.17,-64.5,-41.67,-42.17,-43.17,-42.83,-36.67,-36.67,-64.17,-33.33,-34.33,-35.83,-37,-33.83,-32.17,-63.5,-31.5,-31.67,-33.33,-31.67,-31.5,-32.17,-62.33,-28.67,-29.83,-30.83,-28.33,-17.67,-11.5,-63.33,-65.83,-65.17,-31.5,-26,-25.17,-23.67,-62.67,-22,-22.67,-24.33,-25.17,-23.17,-23.83,-60
"Kazakhstan",3.67,-1.17,1,0.5,-3,2.5,5,3.83,2.5,1.33,3.5,1,-0.5,6.33,8.67,9.33,7.17,7,7.33,12,12.83,10.83,14.17,-6.17,7.33,7.17,10,9.83,9.17,6.83,1.17,0,-1.33,-8,-8.5,-13,-14.83,-25.5,-23.33,-24.33,-16.17,-16.5,-21.5,-21.5,-25.83,-27.17,-32.33,-33.17,-32.17,-33.33,-34.33,-32.67,-37.33,-39,-37.17,-33.5,-32.5,-31.83,-34,-33,-35.17,-33.5,-34.33,-38,-39.17,-38.33,-37,-37.33,-35.5,-37,-36.83,-36,-34.67,-33.5,-33.5,-31.83,-33.5,-32.33,-31.17,-26.83,-24.17,-20.67,-20,-23.5,-24.83,-21.17,-15.5,-12,-13,-13.33,-13,-9,-7.67,-11.33,-12.33,-10.33,-7.33,-6.5,-3.5,-0.67,-3,-3.5,-4.17,-1.5,-1.67,0.33,2,4.67,2.5,2.67,3.5,3
"Kenya",3.67,1.67,3.5,3,0.33,1.5,2.83,2.67,2.83,2.67,1.17,-0.17,1.67,3.5,3.83,2.5,1.33,3.5,3.33,5.17,6,5.33,5,3.33,4,3.83,3.5,4.5,2,1.67,0.67,-2.83,-5,-6.83,-7.83,-8.83,-11.5,-14,-17,-18.33,-21.33,-24.17,-22.83,-23.67,-23.5,-23.33,-23.83,-23,-22,-19.67,-21.83,-21.83,-24,-24.83,-24.67,-31.5,-25.33,-26.33,-33.17,-26.17,-26.5,-26.33,-26.33,-26.83,-28.33,-28.17,-28.33,-29.17,-29,-28,-26.17,-28,-25.83,-25.17,-24.5,-22.83,-30.17,-22.83,-25.17,-23,-23.17,-22.67,-22,-21.83,-21.17,-21.5,-21,-21.17,-22.17,-21.5,-20.33,-18.33,-21.17,-20.17,-20.83,-20.33,-20.17,-20,-17,-19.17,-27,-20,-20.5,-19.5,-17.83,-15.17,-17.5,-26,-17.67,-17.33,-17.17,-15.67
"Kuwait",3.17,2.33,1.67,1.83,2.67,4,6.33,6.67,6.5,7.83,-5,-9,-9.67,-8.83,-2.83,-1,-0.83,-1,-0.83,-1.83,-3.83,-3.17,-2.67,-2.5,-3.17,-0.5,-11.67,-21,-21.17,-22,-24.17,-25.83,-27.33,-26.83,-31.83,-25.33,-41.5,-34,-33.5,-32.67,-33.67,-38.33,-34.17,-33.67,-35.67,-36.17,-36.83,-38.17,-42.17,-37,-36.33,-35.83,-41,-40.83,-41.5,-43.83,-38,-38,-38.67,-39.33,-39.33,-40.83,-44.5,-40.67,-39.5,-39.17,-38.33,-37.83,-38.33,-47.17,-42.33,-42,-41.83,-41.83,-41.83,-43.17,-45.83,-42,-41.17,-41.5,-41.5,-42.17,-41.67,-42.67,-33.83,-37.67,-61.33,-59.83,-59.5,-59.5,-61.17,-59.17,-58.83,-58.67,-57.83,-57.83,-58.17,-59.5,-57.83,-61.17,-59,-58.5,-57.67,-58.17,-59.5,-58.33,-43,-42,-41.17,-41.33,-42.67,-45.17
"Kyrgyzstan",4.67,-1,1.5,0.33,0.83,4.83,6,5.33,6.5,-1.17,6.17,6.33,0.5,4.5,6.67,9,7,6,7.67,7.5,5.67,4.83,11.67,-0.5,6.33,5.67,7.33,7.83,9,8.17,2.5,1.33,-2.17,-7.33,-11.33,-21,-22.83,-29.5,-29.83,-41.67,-44.5,-45,-46.5,-44.67,-45.67,-45.67,-48.67,-49.17,-48,-48.17,-47.17,-47.5,-48.67,-48.67,-51.17,-47.5,-46.67,-46.17,-48.17,-46.83,-47.83,-45.17,-44.67,-45.33,-44.33,-45.33,-44.83,-45,-44.67,-46.5,-46.17,-44.17,-45.5,-44.5,-43.83,-42.83,-40.5,-38.17,-37.83,-39,-40.17,-35.5,-35.5,-36.5,-38.5,-35,-30,-26.83,-27.67,-31.17,-27,-26.67,-24,-26.67,-26.5,-25.33,-22.67,-22,-20.5,-22,-23,-13.67,-14,-12.67,-12.33,-10.67,-7,-8,-9,-9.33,-9,-9.5
"Laos",0,-0.5,0.67,1.33,1,0.67,2.17,-0.67,-0.33,1.17,2.5,1.17,1.83,3.67,0.5,0,2,1.83,0,1.33,1.5,0.33,1.83,-5.33,3,0.67,1,1.5,-2.5,-2.33,0.33,-1.33,-3.5,-2.67,-3.5,-7.83,-10.83,-9.83,-11.17,-14,-16.5,-18.33,-21.33,-21.83,-22.83,-20.67,-31.5,-32.83,-32.83,-33.5,-32.33,-34.33,-34,-35,-34.67,-34.33,-32.67,-33.83,-35.67,-36.5,-36.83,-36.83,-37.67,-34.33,-32.33,-30.33,-30,-32.67,-30.67,-32.33,-29.17,-28.33,-29.17,-28,-28.67,-27,-31,-25.67,-24,-19.33,-18.17,-18.33,-19.17,-17.5,-18.83,-16.83,-18.33,-15.5,-18.17,-16.83,-16.5,-15.5,-15.33,-11.33,-11.67,-10.67,-10.83,-10.17,-12.83,-10,-9.83,-9.33,-9.5,-10.83,-8.33,-9.17,-6.5,-6.33,-5.83,-5.83,-6,-3.83
"Latvia",2.17,3.5,-0.17,1.83,0.67,3.33,0.67,-5.83,4.83,2.67,0.17,3,-1,0.83,5.33,10.17,1.5,1.5,-0.33,2.83,7.67,5.83,28,3.83,3.17,0.67,1.33,-6.33,-11.67,6.5,-15.67,-9.83,-20.83,-12,-18,-14,-7.17,-17.67,-16.17,-12.17,-12.17,-11.5,-7.5,-26,-23.67,-20.5,-23.83,-27.33,-24.33,-19,-2.83,-11.67,-5.83,-8.17,-14.67,-18.83,-13.33,-23.5,-35,-25.33,-19.17,-22.17,-19.33,-14.33,-7,-16.17,-10,-6.5,-9.83,-13.67,-9.67,-6.5,-12.83,-13.83,-12.5,-5.33,-9.33,-17.33,5,-5.67,-8.33,-4.83,-9,-4.5,5.33,25,-19.83,-8.67,-12.17,-9.5,-10.17,-11.5,-3.33,-4.67,-5.17,-5.33,-10,0.17,11.67,0.33,-3.83,8,7.83,1,3.83,10.5,23.83,0.67,6.5,3.67,4.67,9
"Lebanon",3.83,5.17,1.17,2,2.83,4.67,1.33,-4,1.5,-2.17,-0.17,2,2.5,5,-3.83,1.17,-2.5,1,3.67,3.5,-8,-2.83,1.33,-5.83,-6,-3,-17.33,-25.17,-25.67,-26.5,-33.67,-40.83,-41,-44.33,-44.17,-42.5,-49.17,-48.67,-47.67,-47.33,-44.83,-46.17,-49.67,-48.33,-45.83,-42.5,-44.33,-41.33,-41.17,-42.17,-43.17,-44.33,-41,-40.17,-40.17,-47.17,-41.83,-54.5,-42,-37.17,-36.33,-35.67,-39,-37.5,-47.67,-37.17,-33.17,-31.33,-31,-36.33,-40.83,-45.33,-33,-30.83,-30.33,-27.83,-32.17,-30.17,-30.67,-27.83,-27.83,-24.5,-20.67,-20.67,-26.67,-23.67,-26,-21.33,-17.5,-42.67,-38.33,-37.5,-43.5,-22,-20.17,-17,-16.17,-15.83,-19.5,-21.5,-25.5,-22.33,-16.83,-17.33,-17.5,-18.83,-15.83,-16.5,-13.67,-11,-10.17,-10.83
"Libya",4.83,3,0.67,4.83,3.33,4.5,4.17,4.33,5.67,5,6.83,5.67,6.67,4.67,5.83,6.83,6.67,6.33,4.5,5.67,6.5,5.33,5.33,4.5,3.67,5.17,6.67,6.33,5.83,4.67,0,-2.67,-5.83,-13.5,-18.33,-16,-22.67,-23.33,-19.83,-33.83,-32.5,-29.33,-28,-29.33,-33.67,-31,-30.67,-30.83,-28.5,-28.33,-26,-29,-29.33,-33.67,-30.17,-31.67,-27.5,-26.67,-28,-27,-22.5,-20.17,-25.67,-26,-25.83,-26.5,-22.5,-20.17,-19.5,-21,-22.67,-23,-22.5,-17,-16.33,-17.33,-12.17,-15.5,-14.17,-14.5,-13.33,-11.5,-9.67,0.83,-4.17,-5.83,-6.17,-4,-9,-15.83,5,-3.67,-3.83,-1.33,1.83,7.17,5.5,28,12,-10.83,-21.17,-23.17,-11.5,-12.83,-5,-4.33,-2.33,-3.33,-2.67,-3,-5,-3.17
"Liechtenstein",3.5,0.83,1.5,2.83,1.5,5.5,0.67,11.83,11.33,1,-13.33,-4.83,-6.5,-4,-3.67,0.17,0.17,1,0.67,-4.33,-0.67,-3.17,0.17,-0.5,-2,-1,-1.67,0.17,-8.5,-3,-7.17,-17.67,-14.83,-41.17,-22.83,-21.17,-31.5,-23.17,-25.67,-25.83,-27,-23.17,-17,-28.33,-28,-24.5,-22.83,-25.17,-22.83,-19.17,-20.83,-10,-11.17,-12.17,-12,-22,-4.83,-5,-24.17,-12.83,-11.83,-13,-10.83,-5,-5.5,-9.67,-11.5,-10.83,-11.5,-10.17,-5.17,-6.83,-7,-9.17,-9.67,-10.17,-23,-7.33,-4.83,-7.33,-11,-9.5,-7.67,-7.83,-3.67,-5.17,-8.17,-9.5,-8.67,-7.83,-12.5,-9.17,-3.5,-4.5,-6.17,-5.67,-20.17,-20.5,-6.5,-4.83,-5.83,-5.5,-6,-6.83,-8.33,-3,-1.33,-19.67,-4.17,-5.17,-6.5,-5.83
"Lithuania",9.83,8.83,1,1.17,1.33,1.67,-1.33,-3.17,1.83,5.33,0.17,4.67,-1,1.17,1.33,4.5,4.33,3.5,1.5,3.83,10.5,6,17.67,5.5,13.17,-10.83,-1.67,-4.67,-11.83,5.17,-20.33,-16.17,-19.5,-22.17,-21.5,-28.33,-27.33,-23.83,-24,-23.17,-23.67,-21.5,-17.17,-37.17,-30.17,-28.5,-34.83,-34.83,-31.5,-27.67,-15.83,-15.33,-11.17,-13,-20.67,-19.83,-31,-48.5,-43.83,-30,-29,-26.67,-20.83,-20.67,-21,-20.33,-13.67,-10.17,-12.83,-12,-12,-10.5,-9.33,-10.83,-11.83,-2,-5.5,-11.5,3,-7.67,-6.17,-11.17,-8.33,-0.83,7.67,19.5,-15.5,-13.67,-14.67,-7.33,-3.17,-5.33,-6.67,-5.83,-7,1.33,-7.83,3.33,19.17,-3.5,3.67,7.83,11.17,4,6.67,8.67,24.5,6.67,6.17,4.33,8.17,12
"Luxembourg",6.17,1.33,-6,-6.5,-8,-9,-3.83,5,-3.33,1.5,3.33,0,-3,6,4.33,3.33,1,2.17,0.17,-2.17,2,10.33,2.5,2,-1.33,-1.17,1.83,4.83,-6.17,0.67,-12.83,-23.5,-35,-40.5,-41.67,-52.67,-51.5,-46.17,-46,-47.5,-46.83,-44,-43.5,-60.67,-45.67,-46.33,-45.33,-45.33,-46.83,-43.33,-46.17,-42,-41.83,-42.17,-42.33,-39.67,-39.17,-49.83,-60.67,-41,-41.67,-40.17,-37.33,-40.83,-47,-39.67,-38.67,-39,-37.17,-36,-32.83,-37.83,-33,-39.33,-38.33,-36.83,-61.33,-35.5,-40,-33,-31.5,-30.83,-29.67,-26.67,-47.33,-37,-27.67,-21.83,-25.33,-25.17,-20,-12.5,-14,-18.67,-14.5,-13,-31.5,-16,-23.83,-21.17,-16.17,-12.17,-13,-10.5,-3.67,5,13.33,-19.83,-4.17,-13,-18.83,-19.33
"Macedonia",3.5,9.17,11.17,7.67,4.83,-2,5.67,-0.33,6.5,7.33,6.5,5.5,-1.67,-2.67,3.5,8.83,11,4.33,0,8,6.67,-2,7.83,4,2.33,-1.67,-2.17,-6.17,-11.17,-29.67,-16.17,-20.83,-22.33,-27,-29.33,-31.67,-39.67,-39.17,-39.83,-39.33,-40.5,-38.5,-46.83,-43.5,-29.33,-34.67,-41.17,-34.5,-32.67,-47.67,-49,-26,-22,-35.83,-34,-29.67,-69.33,-68,-25.83,-32.5,-30.67,-25.17,-28.33,-68.67,-67.33,-68.33,-37.17,-36.83,-23.5,-24.17,-33,-66.67,-18,-20.33,-21.67,-17.33,-44.67,-47.33,-40.17,-17.17,-15.33,-27,-20,-17.17,-15.5,-18.33,-13.83,-14.67,-15,-17.33,-18.33,-13.5,-16.83,-12.67,-14.67,-15.17,-23,-12.5,-9.17,-44.5,-64.67,-17,-3.5,-8.17,-7.67,-4.33,-10.17,-2.83,-9.33,0.5,1.83,-50.17
"Malaysia",-1,-1.83,-2.33,-4.67,-2.67,-1.67,-1.33,-1,-2,-2.5,-2.67,-2.5,-1.5,0.83,2.5,1.5,-1,-2.67,-1.17,-2.5,-0.67,-0.67,0.33,-1.83,-3.5,-3.17,-2.83,-1,-2,-2.67,2.67,2.17,-27.5,-36.67,-42.17,-46.5,-53,-48.83,-48.5,-46.83,-47,-47.83,-50.33,-51.83,-47.67,-47.5,-48.33,-48,-49,-51.17,-51.83,-47,-47.17,-47.33,-46.5,-48.33,-49.17,-50.67,-45.67,-46.5,-47.17,-46,-47.5,-51.33,-51.83,-47,-46.83,-46.67,-44.67,-48.5,-50,-51,-46,-46.33,-45.67,-43.17,-47.33,-45.83,-47.17,-38.5,-37.33,-35.33,-36.67,-35,-35.83,-37.17,-33.5,-31.83,-29.83,-29.83,-30.5,-32,-33,-27.33,-26.5,-25,-24.17,-24.83,-27.67,-38.33,-33,-31,-26.33,-26.17,-27.17,-28.33,-29,-24.67,-23.83,-23.17,-24,-23.67
"Mali",2,-1.17,3.33,1.5,0.17,0.67,0,-0.67,-2.17,2.5,3,2.33,1.83,1.17,0.83,1,4,2.83,2.83,2.17,2.83,3.17,1.5,2.83,3.17,2,1.17,-0.17,-2.67,-3,-0.17,-1,-0.67,-3.33,-4.17,-6.5,-7.67,-2.67,-2.67,-3.17,-14.83,-10.5,-13,-13.67,-8.67,-10.33,-11.17,-10.67,-13.67,-13.83,-14.5,-9.83,-10,-11.5,-11.67,-12.5,-12.67,-13.33,-18,-12.17,-11.33,-11.33,-14,-15.5,-15,-9.67,-11.17,-12.33,-9.83,-17.5,-18.5,-18.5,-15.67,-15.5,-15.17,-13.67,-23.67,-17.83,-18.83,-14,-13.67,-14.33,-12.5,-13,-10.67,-8.5,-7,-10.33,-11,-9.83,-8,-9.33,-8.5,-7.33,-7.5,-14.33,-4.67,-1.83,-19.17,-5.67,-14.33,-5.17,-7.17,-5,-5.67,-7.17,-8,-2.33,-5.5,-3.83,-3,-11.17
"Malta",6.33,6.83,8.33,7.17,6.17,7.33,10.5,13.17,15.5,14.17,18,8,5,5.83,6.5,9.5,8.83,0.33,1.17,6,7.67,2.17,1.67,5.17,2.83,6,3.67,-6.67,-14,-22.67,-21,-26,-25.83,-35.67,-31.5,-42,-46.5,-35.83,-37.83,-44.33,-38.83,-35.67,-36,-41,-40.5,-38.33,-34,-39.17,-40.83,-38.33,-38,-34.17,-36.17,-31.33,-31.5,-43,-34,-42.5,-33,-35.83,-33.83,-34.67,-30.67,-32,-35.67,-37.33,-32.83,-31.67,-32.17,-30.67,-29.17,-32.17,-27.67,-28.5,-31,-24.5,-29.33,-26.17,-29.33,-23.5,-23.83,-20.33,-23.5,-19,-17.83,-26.33,-23.17,-20.67,-22.17,-22.5,-19.17,-18.83,-22.83,-22.5,-22.5,-19.17,-19.33,-14.17,-12.33,-16,-13.83,-15.67,-22.17,-11.83,-10.5,-17.17,-11.17,-11.67,-13.5,-9,-11,-13.17
"Mauritius",4,2,0.5,3.83,3.5,1.33,-17,2.5,-0.83,-2,0.33,-1.33,-2.33,0.17,8.17,5.33,-0.33,1.67,0.83,0.5,0.5,-0.33,-4.83,-5,-9.33,-3.17,-26.67,-19.17,-2.17,-2,-3.67,-11.33,-4.67,-8,-48.67,-54.5,-64.67,-60.33,-63.67,-70,-68.33,-66.67,-66.5,-66.17,-65.17,-64.33,-64.83,-58.17,-59.33,-58.67,-67.5,-58.5,-58.33,-59.83,-59.67,-59.5,-58.5,-66.5,-59.33,-58.83,-60.17,-58,-58.5,-59.17,-66.5,-59,-58.67,-59.67,-59.33,-59.5,-59.5,-67.67,-58.17,-57,-57.83,-56.17,-60.5,-55.17,-67,-55.17,-54.5,-54.83,-54.67,-54,-52,-64.17,-53,-52.67,-53.67,-53.5,-48.5,-45.33,-63.83,-42.83,-42.83,-43,-41.83,-40.17,-37.83,-60.5,-41.17,-39.17,-39.33,-37.17,-34.83,-31,-17.67,-21.5,-22,-21.33,-21.33,-20
"Mexico",3.67,4.5,3.83,1.83,2,1.67,1.5,2.5,3.17,2.5,1.67,0.83,1.67,4.67,4.83,5.17,3.5,2.5,3,3,2.17,2.5,3.83,-8.5,1.67,2,2.83,3.33,4,1.5,-14,-3.33,-7.5,-10.17,-13.17,-16.17,-20.33,-21.5,-24.17,-25.5,-26.17,-26.17,-23.67,-27.67,-26,-26.67,-27.5,-29.83,-30.67,-28.83,-33,-32.33,-33.5,-32.5,-37.17,-45.33,-39.67,-37.83,-34,-33.83,-32.17,-32.83,-33.5,-33.33,-35.83,-35.17,-37.5,-37.33,-38,-37.83,-35.83,-38.17,-37.17,-38.33,-35.5,-31.33,-39.83,-34,-36.5,-34.67,-36.83,-36,-36.17,-35.5,-31.83,-33.17,-36.5,-35.83,-35.5,-34.5,-32.33,-30.5,-33.67,-33,-33.67,-33.33,-33.83,-33.5,-30.33,-32.83,-32.5,-33.83,-34,-33.17,-30.83,-27.33,-29.83,-29.33,-31,-31,-31.17,-30.67
"Moldova",-0.33,3,2,3.33,5.17,3,0.67,0.67,3.83,-7.17,1.33,5.33,-2,0,0.83,3.67,1.17,4.67,8,0.83,4.17,11.67,12,0.17,1.33,-0.5,-1.83,-8.5,-8.17,-20.33,-19.83,-30.33,-32.5,-32.67,-35.5,-37.83,-45.5,-37.33,-38.5,-40,-38.83,-39.67,-40.83,-41.17,-41,-42.33,-40,-39.5,-40,-40.5,-41.33,-36.67,-35.83,-37.17,-37,-38.67,-38.5,-39.5,-36.83,-37.83,-34,-30.83,-31.67,-39,-50,-51.33,-40.67,-37.5,-34.67,-35.83,-36.83,-41.17,-32.83,-28.33,-26.17,-26.67,-36.17,-35,-30.33,-25.17,-22.5,-25.33,-28.83,-22.83,-21.5,-18,-18.17,-20.5,-15.5,-16.5,-16.17,-15.83,-21.67,-10.5,-10.17,-18,-10.67,-14.67,-18.17,-18.33,-11.83,-12.33,-11.5,-20.67,-19.5,-18.5,-17.67,-10.33,-7,-2,-4.5,-7.5
"Mongolia",-3.33,0.17,-2.33,-1.33,-1,1.33,2.33,4.33,-9,-38.67,-42.5,-42.33,-25.67,-24,-20.5,-20.17,-15.67,-10,-7.5,-5.5,-4.83,-2.17,0.5,-7.83,-12.5,-27,-28,-26.5,-24.17,-22,-7.33,-8.17,-8.33,-13.33,-11.17,-7.33,-4.83,-5.67,-8.67,-12.33,-11.83,-9.83,-6.33,-3.67,-8.17,-7,-3.17,-2.33,-2.17,3.33,1.17,-5.67,-4.33,-2,-3.17,-2.5,2.83,-0.83,-3.33,-5.83,-6.5,-1.83,-0.5,-0.17,-7.17,-2.17,-2.67,-4.83,-2.5,-2.33,5.17,10,4,5.67,4.83,8.5,9.17,8.5,15.5,7.67,11.17,9.17,8.33,10.5,6.83,10.83,11.17,15.83,14.17,13.33,1.67,4.67,15.83,16.83,17.67,15.17,15.33,12.17,19.33,18.83,15.67,15.17,17.33,14.17,13.67,20.17,30.83,6.17,14.5,18.33,22.67,4.5
"Morocco",0.5,-0.67,-1,0.33,-0.33,1.33,1.17,1.17,1.17,0.5,1,-0.33,0.83,1.67,2.67,3.5,2.17,2.67,2.67,2,2.17,2.5,2.33,0.67,1.17,0.67,-0.17,0.33,-4,-11.33,-14.33,-27.17,-34.5,-38.67,-38.5,-54,-56,-51.5,-52.67,-51.5,-51.33,-52.83,-56.33,-57.17,-52.67,-53.17,-52.17,-51.5,-51.67,-54,-55.33,-51.67,-51.83,-52.67,-52.17,-51.83,-54,-55.5,-51,-51.17,-52,-51.17,-52,-53.67,-54.17,-48.83,-49.5,-49,-48.17,-48.5,-53.5,-54.67,-51.17,-51.5,-50.83,-50.33,-53.67,-52.17,-54.33,-48.83,-48.67,-48.17,-48,-48,-49.67,-51.17,-46.67,-47.17,-48.83,-47.67,-46.33,-47.5,-48.83,-44,-44.67,-44.17,-43.33,-42.17,-43.17,-60.5,-57.83,-47.5,-44.5,-43,-42,-42.67,-43.67,-37.33,-37.67,-37.67,-36.83,-37
"Mozambique",-0.83,-3.5,0.67,-1.67,-2.67,-1.17,0.33,-0.67,-10.5,1.83,1.83,2.5,3.17,2.5,2.83,-0.33,5.67,3.83,3.83,4.67,4.67,3.33,-1,4.17,2.5,2.17,1,-0.17,-0.5,-5.5,-0.83,-0.5,0.17,-0.83,1,-1.5,-7.67,-5,-7.5,-7.83,-9.67,-11,-9.5,-13.17,-9.67,-10.67,-15.67,-17.17,-17.83,-16.83,-17,-13.67,-35.83,-19.83,-18,-34,-16,-19.67,-16.67,-19.67,-20.17,-20,-18.83,-15.5,-18.33,-16.83,-18.5,-17.5,-15.17,-13.67,-8.5,-14.33,-12.17,-13.33,-12.17,-9,-34,-9.33,-13.33,-11.17,-13.83,-11.17,-11.17,-11.5,-7.83,-11.67,-10.33,-12.5,-13.83,-13,-12,-8.67,-13.5,-11.17,-13.67,-11.33,-11,-9.83,-6,-11.17,-7.83,-10.83,-9.17,-9.17,-8.83,-6.17,-10.33,-5.33,-10.67,-9.83,-10.17,-9.17
"Myanmar",0.5,-0.17,1.33,1,-0.5,1,0.5,-0.33,0.33,0.83,1.17,-0.17,0.33,2.83,3.83,3,-2.67,4.17,3.5,4,4.5,4.33,1.33,-1,4.5,3.67,3.33,3,0.33,-0.33,1.5,1.17,1.17,0,-0.33,-2.17,-3.83,-2,0.17,-7.17,-9.67,-21,-18.67,-21.17,-18.33,-18.67,-21.67,-22.17,-23.5,-24.17,-24.5,-21.83,-23.67,-23.83,-23.5,-38.33,-38.17,-40,-43.5,-45.17,-46,-45.17,-45.33,-42.67,-39.17,-33.33,-34.5,-34.5,-34.33,-34.17,-35.5,-35.17,-32.83,-31.67,-30.5,-27.5,-34.33,-30.33,-30.83,-26.33,-25.83,-32,-23.67,-24.83,-25.67,-25.83,-23.33,-23.17,-24.17,-23.67,-21.5,-20.5,-22.67,-19.33,-22.17,-21.67,-22,-19.5,-19.33,-19.5,-17,-17.83,-19.67,-18.5,-16.33,-15.17,-15.33,-12.67,-12.67,-13,-13,-13.17
"Nepal",2.33,4.17,4,4.17,3.5,6.33,-7,2.17,5.67,3,0.83,-1,4.67,4.83,4,5.33,3.33,2.67,4,6.5,5.67,-1,2.83,-8.5,-3,1,3,-0.33,-0.5,2.67,2,0.83,2.67,4.33,1,-4.33,-9,-18,-48.33,-52.17,-52.83,-53.17,-50.83,-53.33,-53.17,-53.17,-53,-52.83,-52,-49.5,-52.17,-52.17,-51.33,-52,-51.67,-51.17,-50,-49.67,-50.5,-52.67,-53,-52.5,-52,-52,-53,-52,-53.5,-50.33,-49.33,-50.5,-49.33,-49.33,-49.17,-48.33,-47.17,-46.67,-50.5,-46.17,-46.83,-48.33,-47.83,-44.83,-46.67,-41.5,-39.83,-40.33,-38,-37.5,-41.33,-45.17,-45.33,-44.67,-47.17,-46.67,-46.83,-46,-44.17,-44.5,-42.5,-43.67,-45.5,-44.33,-44,-40.33,-41,-38.67,-39.17,-38.67,-37.33,-37.17,-35.83,-41
"Netherlands",2.67,-9.17,0,3.83,2.67,-2.17,4.33,0.5,-6.17,-2.67,6.67,-1,-5,-0.17,-2,2,-3,4.67,4.67,-2.83,2.83,7.67,-1.17,0.5,-2.67,2,-2.17,-3.5,-3,-7.5,-8.17,-8.17,-13.5,-21,-23.5,-17,-23.33,-23.33,-20.5,-21.67,-24.67,-22.17,-25,-36,-29,-18.17,-23.33,-27.5,-25.67,-21,-17,-19.67,-12.67,-12,-16.83,-16,-13.5,-27.33,-37,-21.5,-15.5,-16.33,-16.67,-21.67,-13,-16.33,-12.67,-11,-10.67,-13,-14.33,-7.5,-11,-23.33,-18.17,-20.17,-22.33,-17.5,-9.83,-10.83,-4,-6.33,-7.83,-3.67,3,-15,-18.33,-12.5,-14.33,-14.67,-10,-7.67,0.83,-6.67,-0.17,11.33,14.33,-4.17,-1.17,-16.67,-2.67,5.67,1.83,-2.5,6.33,14.5,12,19.67,14.33,4.17,-14.83,-14.17
"New Zealand",4.17,0.83,5.67,4,4.33,4.17,4,1,0.33,7.33,5.17,5.5,4,5.67,4.17,2.33,5.5,2.33,0.83,2.5,4,3.83,1.33,2,0.83,0.5,1.17,2.17,2,-0.5,1.83,-2.67,-2.5,-3.5,-7.33,-12.17,-16.83,-9.17,-21,-29.33,-58.33,-56.5,-57.67,-57.33,-55.17,-53,-52.67,-53.17,-53.33,-55.17,-55.33,-53.83,-52.67,-53,-51,-64.83,-52,-58.33,-58.67,-55,-54.17,-53.83,-55,-54.83,-56.17,-54.33,-52,-51.17,-52.83,-50.33,-54,-50.83,-54.83,-40.33,-42.83,-41.67,-40.33,-41.5,-49,-42.67,-44.67,-39.83,-40.17,-38,-34.5,-37.5,-40.5,-39.17,-39,-25.33,-24.17,-18.33,-20.67,-19.17,-21.33,-21.67,-21.33,-19,-16.33,-25.5,-23.67,-20.83,-21,-18.17,-18.33,-12.17,-17.67,-28.67,-19.5,-19.17,-20.33,-18.67
"Nicaragua",3,2.5,3.33,1.33,-0.67,1.33,3.17,0.5,-0.83,1.83,0,-0.33,-0.33,2.83,3.17,2.5,3.5,2.5,1.17,3.17,4,2,1,2.33,2.33,0.67,1.17,3.33,2.5,1.5,3.17,1.5,-0.33,-3.5,-8.5,-16.5,-22.83,-14.67,-17.17,-18.33,-19.33,-19,-21.33,-24.17,-16.33,-16,-16,-15.83,-13.83,-16.83,-21.17,-18.33,-19.83,-19.5,-35.67,-43.5,-35,-30.17,-20.5,-19.83,-16,-14.83,-14.5,-16.5,-20.33,-12.5,-13.83,-15,-15.17,-14.33,-16.33,-20.67,-14.33,-14.5,-13.33,-8.17,-24.5,-15.83,-19.67,-12.17,-12.83,-13,-14.33,-14.5,-18.5,-24.67,-17.5,-19,-20.17,-20.17,-17,-20.17,-26.17,-20,-24.67,-23.33,-23.33,-23.67,-26.17,-30.67,-23.83,-25.17,-28.5,-27,-23.17,-21,-33.17,-24.17,-25,-26.17,-27.83,-25.17
"Niger",3.17,3,1,1.83,-0.33,3.17,0.5,2.67,2.5,0.67,1.33,1.67,2.5,1.17,1.67,0.5,-0.83,2.33,1.83,1,0,1.17,2.17,0.33,1.67,1.33,3.17,2,2.17,2.33,-0.83,0.33,0,0.17,-2.17,-6.17,-8,-10.17,-10,-10.67,-12.33,-11.5,-15.5,-12.33,-16.67,-16.33,-18.5,-16.33,-17.5,-15.17,-12.5,-15.67,-14.67,-15.17,-13.5,-17.33,-15.33,-14.17,-22,-14.17,-14,-13.33,-16.67,-14.17,-13.17,-14.67,-13.5,-12.5,-8.67,-22.5,-16.67,-15.17,-18.17,-17.67,-17.5,-16.17,-23.5,-16.17,-14.83,-17.33,-16.67,-14.67,-12.17,-14.67,-14.17,-11.33,-14,-14,-12,-9.67,-9.17,-9.17,-6.17,-9.67,-10.83,-13.5,-0.67,0.67,-14.5,-6,-1.17,-1.5,-3.67,-1.67,-1.83,-2.17,0.83,-2.17,-3,-0.83,-2,-1.5
"Nigeria",3.17,1.5,0.67,-0.5,-1,-1,-0.17,-0.17,-1.33,-1.5,-0.17,-0.5,1.5,1.83,1.33,1.17,-0.17,0.83,0.5,2.67,2.83,3.5,1.67,1.5,2.17,0.83,2,2.33,1.83,0.67,0,0.17,-0.17,0,0.5,-2.17,-6.83,-6.83,-11.5,-9,-18.83,-22.67,-22.83,-19.67,-17.5,-37.33,-38.17,-35.17,-36.17,-33.5,-26.67,-36,-34.67,-36.67,-35.83,-37.17,-30.67,-27.83,-39.5,-37.33,-35.83,-35.83,-35.83,-33.67,-31.17,-37.67,-38.5,-37.33,-37.5,-37,-33.67,-32,-37.5,-39,-36.33,-37.67,-38.17,-33,-31.5,-28.17,-30.17,-25.17,-29.5,-26.33,-25.67,-27.17,-25.5,-27.33,-24,-27.5,-23.67,-22,-24.17,-24.33,-28.67,-23,-24.67,-21,-21.17,-21.33,-28.83,-28.67,-20,-24.33,-18,-20.17,-18.5,-19,-22.33,-16.83,-18.33,-15.33
"Norway",5.5,-7.17,0,0.33,7.67,-4.67,-0.83,0.5,1.83,3.5,1.83,4,2.33,3.5,-0.5,-6.67,0.5,0.67,1.17,5.17,3.17,3.5,-10,1,-2.17,0.67,3,-14.5,-13.67,-38.33,-17.5,-22.33,-21.67,-19.83,-18.5,-7.5,-30.67,-24.33,-26.5,-24.67,-18.67,-20.17,-16.5,-30.33,-16.17,-17.5,-18.17,-22.67,-18,-13.17,-23.5,-0.83,5.33,-5.33,-18.67,-19.17,-21.5,-26.33,-35.33,-16.33,-10.83,-9,-4.17,4.33,0.17,3.83,9.33,7.67,1.67,-6.17,4,-7.83,-11,-5.17,-2.17,3.67,-24.33,9.83,-6.67,-2.67,0.17,2,1.33,-0.17,6.83,-15.67,-3.67,-4.33,0.67,0.5,-1.5,-2.33,-9.83,-1.5,7.83,23,-1.67,5.33,4.5,-4.5,12,6.17,8.33,12.17,20.33,31,31.67,15.33,19.83,12.17,4.83,0.33
"Oman",-0.83,-1.17,-2,-1.83,-1.67,-0.83,-0.83,-0.17,0.83,0.33,1.5,0.83,1.33,0.5,1.17,1.33,-0.17,0,0,-0.17,-2.17,-1.33,-1,-2.67,-2.17,-3.17,-2,-4.83,-4.83,-5,-7.67,-10.33,-14.17,-19.83,-29.67,-25.67,-34,-25.5,-30.17,-33.17,-34.83,-41.83,-37.5,-34.83,-36.83,-35.5,-39.5,-40.67,-45.33,-40.5,-37.83,-39.33,-38.83,-38.33,-36.5,-46,-41.5,-40.17,-40.83,-40.83,-40.67,-40.83,-44.83,-40.83,-39.17,-40.17,-39.17,-38,-35.5,-37.67,-41,-39.33,-40.33,-39.67,-37.33,-38,-42.5,-37.33,-36.5,-37.67,-37.5,-36.5,-36.5,-41.17,-36.67,-34.83,-36.33,-36.17,-36.83,-38,-41.83,-37.17,-35.5,-36.33,-35.17,-33.83,-32.5,-35.83,-28.17,-45.17,-44.33,-41.17,-35,-35.5,-40.5,-34,-30.83,-31.17,-31.17,-31.33,-31.33,-37.67
"Pakistan",3.33,3.33,6.33,4.33,2,-0.83,2.5,2.67,2.67,6,4.67,2.83,2,0.33,-1.33,4.17,7.33,6,3.67,0.17,-2.33,1.33,4.67,9.33,7.5,-1,0.33,4,3.33,1.83,4.67,0.83,-3.17,-7.5,-11.67,-15.17,-24.17,-36.17,-39.83,-42.33,-43.5,-46.83,-44.67,-42.5,-41.33,-43.17,-42.17,-41.17,-43,-40.83,-38.83,-36.33,-37.5,-38.67,-40.17,-40.33,-38.67,-38,-35.83,-37.17,-34.67,-33.83,-38,-34.83,-32.17,-30.33,-30.83,-31.33,-30.5,-32.83,-38.17,-36.5,-35,-34.17,-34.33,-33.83,-40.67,-34.17,-32.5,-30,-31,-30.17,-30,-33.17,-29.5,-27.83,-22.67,-22,-22.67,-23,-30.67,-29,-28.17,-14.33,-17,-17.33,-15.83,-18.17,-11.67,-21.67,-28,-27.67,-24.83,-18.83,-20.83,-18.33,-16.17,-12.17,-14.33,-15.17,-15.83,-17.67
"Panama",6.5,6.5,2.83,1.83,1.5,3.33,4.83,-1.33,1,-10.33,-19.67,-13.17,-0.83,1.33,5.83,7.17,3.33,2.83,1.83,1.83,1,1.33,1.17,0.5,1,-4.67,-7.33,-7.33,-10.17,-18.33,-16.17,-22.83,-27.17,-30.5,-30.17,-38.17,-42.33,-40.17,-45.5,-52.67,-52.17,-51.83,-53,-54.67,-52,-51.5,-56.33,-52.33,-55.17,-53.5,-67.17,-54.67,-50.83,-54,-49.83,-60.17,-67.83,-67.67,-53.83,-49.5,-52.33,-47.83,-49.83,-67,-67.5,-51.33,-47.83,-52.5,-49,-50.67,-66.67,-67.17,-50.33,-47.33,-49.5,-44.5,-55.83,-66.17,-66.67,-48.67,-46,-48.83,-46,-46.5,-65,-66.17,-46.67,-43.67,-47.33,-44.33,-44.83,-49.33,-65.17,-45.17,-43.5,-43.5,-41.5,-44.5,-46.67,-64.67,-42.83,-41.83,-44.83,-42.5,-42.67,-45.83,-64.17,-31.33,-36.33,-33.33,-33.5,-33
"Papua New Guinea",3,5.83,0.5,0.67,-1.83,-0.33,2,1.83,3.83,-0.83,0.67,3,2.67,6,5.67,7.33,0.33,2.17,0.67,1.17,2.17,3.5,4.67,0.17,2.33,3.83,6.17,5.67,7.83,5.17,1.17,3.33,1.17,-1.83,-1.5,-0.17,-1.83,4.83,-16.33,-16,-15.17,-15.83,-16,-12.67,-16.67,-17,-17.5,-18.17,-13.67,-11.67,-11.33,-9.83,-7,-8,-3,-22.17,-14.17,-13.5,-26.67,-8.67,-9.5,-9.17,-10.17,-9,-11.17,-11.5,-12.5,-13.17,-7.67,-7.33,-6,-5.33,-6.5,-6,-7.67,-6.33,-3.5,-4.83,-5.17,-8.67,-4.5,-1.17,0.5,3.83,4.5,5.17,-0.67,1,-1.33,-0.33,3.5,1.83,2.83,0.17,0.67,4.83,4.83,6.17,3.67,6.17,6.17,3.17,2.5,1.5,3.67,1.83,5.67,3.67,2.83,5.5,7.5,8.5
"Paraguay",-3,-6,1.5,-1.17,-0.5,1.5,-1.17,-1,-2.83,2.33,-3.67,-1.17,2.67,2,1.5,-0.83,4.5,2.83,2,3.67,1.5,0.33,-0.83,2.33,2.33,-4,-6.33,-11.33,-14.67,-23.83,-20.33,-25.5,-30.67,-30.83,-30.5,-45.17,-50.17,-47.17,-49.5,-49.33,-47.83,-47.33,-47.67,-45.67,-38.5,-36.5,-40.67,-41.83,-42.83,-47,-48.83,-48.83,-45.83,-46.5,-52.5,-63,-51.17,-46.17,-42.33,-39.67,-40.67,-39,-38.67,-40.83,-42.5,-37.33,-37,-36.83,-37,-38.17,-39.5,-41.67,-35.5,-34.5,-33.67,-28.83,-49.83,-38.5,-39.83,-29.67,-30,-29,-27.33,-29.33,-31,-34.83,-27.33,-31.33,-24.5,-29.17,-44.67,-34.17,-35.67,-24,-24.33,-24,-26.17,-32.33,-30,-32,-22.5,-22.5,-21.83,-19.67,-20.67,-21.33,-30.33,-22.5,-19.17,-19.83,-28.5,-28.33
"Peru",1.67,0.17,0.83,0.33,0.17,0.17,0.17,1.17,-0.5,-0.17,0.33,-0.17,0.17,1.33,3.83,2,1.33,1.17,0.83,0.67,1.17,2,0.83,-0.5,-0.83,-2.33,-2.83,-4.17,-5.17,-6.5,-24.5,-50,-53.5,-55.83,-56.33,-56.5,-55.67,-56,-56.5,-56.33,-55.33,-54.17,-54.5,-54,-54.17,-54.67,-55,-54.67,-55.67,-58.17,-68.83,-54,-56.67,-50.5,-69.17,-69.17,-53,-68.83,-51.83,-54.5,-55,-55.33,-54.83,-54,-68.67,-52.67,-58,-54.67,-55.33,-54.33,-53,-69,-52,-54.17,-52.83,-52.5,-56.83,-52.67,-69,-50.67,-52.17,-52.17,-53,-51.67,-47.33,-68.5,-51.17,-51.17,-50.67,-51.5,-50.17,-48.33,-68.33,-47.17,-49,-48.67,-48.83,-48.67,-45.17,-68,-43.33,-45.5,-45.33,-45.83,-44.67,-41.5,-67.67,-41.5,-43.33,-43.33,-43.67,-42.67
"Philippines",2.83,0.83,0.5,0.5,-1.67,-1.33,-1.5,1,-1.17,1.17,-6.83,-0.17,-1.17,-0.67,3.17,1.67,0.67,0.67,0,0,-2,0.83,-1.5,-0.33,-3,-4.5,-4.33,-6.33,-8,-20,-19,-33.67,-40.67,-43.17,-46.17,-47.17,-48.83,-47.83,-48.83,-48.67,-49,-49.67,-50.17,-51.5,-51.33,-51.17,-51.33,-51.5,-51.83,-51.83,-52.67,-50.67,-50.17,-49.33,-54.83,-59.33,-53.67,-52.83,-49.17,-49.33,-49.5,-49.83,-50.83,-53,-54.17,-51,-51.83,-52.5,-52.67,-53.33,-53,-54.5,-51,-50.67,-50.17,-50,-52.17,-51,-53.67,-49.33,-48.83,-48.17,-48.33,-48.33,-47.17,-48.33,-46.33,-46.67,-46.67,-47.17,-49,-44.33,-46.5,-40.67,-42.17,-41.5,-41.5,-43,-42.5,-45.17,-42.67,-40.17,-40.5,-40.67,-40.67,-39.33,-41.5,-34.17,-34.83,-34.67,-34.67,-35
"Poland",5.83,3.5,4.83,2.67,3,5.83,-1,3.67,-11,1.33,3.5,1.67,4,3.33,3.5,7.17,1.83,2.17,4.5,7.83,2.83,3.5,13.5,4.33,6.83,6.67,-5.5,-15.33,-23.5,-33,-27.17,-24.67,-22.67,-26,-31.17,-35.33,-44.17,-33.17,-30.5,-35.83,-34.83,-33.33,-29.83,-48.33,-37.33,-35.17,-39.17,-38.33,-39.33,-41.83,-28.67,-37,-34.17,-33.33,-31.83,-34.33,-47.5,-54.5,-66.5,-41.33,-36.83,-35.17,-34.67,-35.5,-44.67,-24.83,-23.33,-23.33,-19,-23,-27.83,-5.17,-20,-16.17,-24.17,-9.5,-48,-20,-30.33,-18.83,-23.5,-23.17,-15.5,-10.83,-1.5,-0.83,-21,-19,-17.5,-16.83,-15,-8.17,-7.17,-12.33,-12.5,-6.33,-4.83,-6.33,-8,-13.33,-13.67,-6.83,-4.17,-7.83,-5.67,-4.33,-5.83,6.17,-3.17,-1.17,2.5,-10.83
"Portugal",5.67,-1.83,2.83,3.17,6.83,7,9.33,10.83,13.5,13.67,-7.17,3.33,7.17,7.17,1.17,-6.17,4.5,1.17,5.17,5.33,4.5,7,0.5,5.83,6.33,9,3,-6.67,-20.5,-34.5,-29.33,-33,-32.67,-41.83,-47.67,-50,-52.67,-46.5,-46.17,-46.67,-47,-46.5,-50.33,-55.17,-49.67,-47,-47.83,-44.5,-45,-50.83,-57.67,-48,-44.33,-42.83,-46.5,-53.17,-50,-60.33,-50.17,-44.33,-45,-45.33,-42.83,-45.33,-50.5,-47.33,-43.83,-43.33,-41.83,-42.33,-46.17,-49.33,-42.5,-41,-41.83,-36.17,-50,-41.5,-42,-36,-34,-31.33,-30,-31.67,-36.67,-39.33,-34.33,-31.17,-35.67,-33.33,-30.5,-25.33,-27.67,-24.17,-23.33,-22.33,-20.17,-21.67,-17.5,-19.67,-20.5,-18.67,-16.17,-14.83,-16.33,-14.83,-19.67,-15.83,-18,-16.5,-16.5,-16
"Puerto Rico",0.67,0.17,-3.17,2.5,2.17,0.83,0.83,-0.17,-2.5,-1.83,-6,0.5,2.83,2.83,1.33,2.33,-2.17,3.83,3.33,1.5,1.17,0.5,-1.17,-2.67,0.67,-0.5,3.33,1.67,-4,-10.83,-24.67,-34.83,-38.17,-41,-39.17,-41.83,-48,-45.67,-46,-45.5,-45.5,-44,-47.33,-51.5,-44.17,-48.5,-49.5,-48.33,-47.17,-48.83,-67.17,-45,-46,-45.5,-43.67,-66.33,-62.33,-65,-38.33,-41.5,-42.33,-41.83,-42.33,-45.17,-62,-40.5,-44.83,-41.17,-42.67,-41.83,-43.33,-59.83,-38.67,-42,-39.83,-39.67,-37.67,-39.5,-56,-32.67,-35.33,-33.83,-33.83,-32.33,-32.33,-47.83,-33,-33.5,-33,-32.83,-31.83,-33.83,-49.17,-27,-30,-29.83,-30.33,-29.33,-30.67,-44,-29.5,-28.17,-28.5,-29.33,-26.33,-26.67,-39,-22.67,-25.33,-24.33,-24.33,-23.67
"Qatar",1.83,3.67,2.17,1.33,0.67,1.5,2,2.17,3.5,1.83,1.67,-0.83,3.17,2.83,3.83,5.17,2.67,2.33,1.17,2.83,1.67,2.67,3.5,2.17,-0.67,-3.83,-7,-17.83,-11.5,-7.17,-11.17,-13.67,-20,-20.83,-31.67,-22.83,-26.83,-27.5,-27.5,-28.33,-28.83,-41.5,-31.67,-28.5,-29.67,-29.5,-30.5,-31.5,-42,-31.67,-28.33,-29.5,-30.17,-31.67,-31,-45.67,-37,-28.5,-32.83,-30.17,-33.5,-31.17,-43.67,-36.33,-29.33,-30.67,-30.83,-31.5,-30.17,-45,-38.5,-32.17,-33.5,-32.5,-32.67,-33.17,-42.83,-35.83,-28.67,-30.67,-30.5,-29.33,-29.5,-41.33,-33.67,-25.67,-27.17,-27,-28.5,-29.5,-41,-32.17,-25,-26,-26,-25,-24,-33.67,-23.67,-35.83,-33.83,-32.5,-25.33,-26.5,-36.67,-25.33,-14.83,-14.67,-15,-14.83,-14.17,-27.67
"Runion",-7,6.5,1,7.17,6.67,5.67,-2.33,-5.33,5.33,-2.17,0.5,4,-1.5,-11.17,-11.33,-6.5,-12.83,-10.17,-8.83,-7,-17.5,-17.5,-5,-13.5,-6,-1.67,-7,-14.5,-15.5,-6.83,-17.67,-32.17,-51.33,-54,-60.33,-63.83,-64.83,-64.83,-51,-67.5,-66.67,-68.33,-68.33,-68.33,-53.5,-54.5,-68.17,-66.83,-54.83,-69.33,-55,-68.33,-51,-52.67,-67.33,-67,-69.33,-23.5,-44.5,-66.5,-52.17,-51.5,-52.5,-68.17,-39.67,-52.17,-66.5,-65,-67,-51.33,-68,-38,-51.83,-49.67,-50,-63.5,-74.5,-64.67,-36.67,-65.17,-62.5,-61.67,-61.33,-55.33,-62.17,-35.5,-41,-49.83,-39.5,-50.83,-52.5,-50.67,-39.17,-53.83,-50.5,-48.17,-57.83,-51.5,-48.33,-35,-53.67,-50.5,-48,-49.5,-51,-46.67,-33.17,-57.67,-50.17,-47.5,-48.83,-47
"Romania",2.67,9.67,4.33,4,1.83,-0.17,5.5,0.67,4.83,0.33,5,5.17,-1.5,4.33,2.83,12,1.33,3,2.83,0,9.17,8.33,6,-1.33,0.67,-2.17,-2.5,-5.17,-12,-16.67,-19.33,-21.83,-22.5,-24.5,-23.17,-27,-34.5,-40.33,-38.67,-45.5,-46.5,-42.67,-45.83,-48.33,-42.5,-44.67,-43.33,-42.67,-40,-43.67,-46.83,-40.67,-39.83,-39,-38.83,-35.67,-37.67,-43.17,-38.5,-37.67,-33.5,-32.33,-40.33,-44.83,-61.17,-60.67,-43.67,-39.17,-37.33,-35.5,-38.67,-40.67,-35.5,-35.5,-35.33,-33.67,-45,-38.5,-42.33,-36.5,-34,-35.17,-34.33,-29.83,-30,-30.5,-29.67,-30.67,-28,-28.83,-14.5,-11.67,-13.5,-13.67,-14.17,-24.83,-22.33,-20.67,-15.5,-22.83,-23.5,-24.33,-22.17,-22.17,-21.33,-17.5,-13.33,-21.17,-21.83,-16.5,-15.67,-9.33
"Russia",4.5,4.5,2,4,4,6.67,6.83,6.5,5.5,-10.67,2.67,2.83,4.17,3.33,5.67,13.83,3.5,5.17,6.83,9.33,8.5,11,14.67,-3.33,4.5,5.5,5.67,4.5,6.5,3.83,4.33,6.33,3.17,1,-0.67,-2.83,-0.83,-3.67,-3.67,-0.5,-0.5,-1.33,-13.5,-17.33,-27.33,-31.17,-36.33,-37.5,-36.17,-36.67,-33.17,-30.83,-28.33,-29,-26.67,-27,-29,-26.67,-26.17,-26,-26.5,-27.17,-26.83,-28.17,-30.83,-28.5,-26.5,-27.33,-25.83,-26.33,-27.5,-23,-23.83,-23.17,-23,-17.17,-28.67,-27,-18.83,-24.5,-24.67,-20.33,-19,-17.83,-23.5,-17.33,-20.83,-16.17,-16.5,-15.83,-16,-17.33,-12,-15,-14.17,-13.83,-14.67,-14.67,-14.33,-9.67,-10.33,-9.17,-7.33,-6.67,-10.67,-8.83,-9.83,-7.67,-7.17,-7,-7.17,-6.33
"Rwanda",5.83,1.33,3.5,1.83,-0.17,0.5,2.33,5.83,0.67,0.83,1.17,1.83,1.33,3.17,-1.17,0.33,1,1.33,3.5,1.33,3.83,10.33,5.5,4.17,2.83,2.33,1.5,2.33,8.17,-3.67,-1.83,-8.67,-11,-10.83,-13,-11.33,-26.67,-33,-37.17,-39,-40.17,-39.67,-36.5,-35.83,-37.33,-37.67,-37.83,-38.5,-38.83,-35.33,-35.33,-35.83,-45.5,-38,-39.67,-41.33,-36,-37,-42.83,-39.33,-39.33,-39.5,-40.83,-39,-37.67,-39.33,-39.5,-41.17,-41.33,-39.17,-37.33,-36.67,-39.5,-38,-40.17,-38.5,-41.33,-37.17,-35.33,-20.5,-20.5,-20.67,-21.67,-22.17,-17.5,-22.33,-19.5,-19.83,-19.33,-19.83,-20.33,-16.33,-23,-17.83,-18.17,-17.33,-18,-20,-14.5,-20.33,-22,-17.5,-16.67,-16.5,-17.83,-14.33,-18,-14,-14,-13.33,-14,-14.83
"Saudi Arabia",-1.67,-1,-1.67,-1.17,-0.5,-1.67,-3.33,-3.67,-1.5,-2,-1,-1.83,1,0.17,0.33,1.33,-0.33,-0.17,0.33,-0.33,-3,-3.83,-2.67,-5,-3.5,-4.67,-8.17,-10.67,-8.83,-9.33,-16.5,-20.83,-23.17,-27.67,-32.67,-31.67,-33,-37.83,-37.17,-36.67,-39.33,-44.5,-38,-37.33,-38.67,-38.5,-38.67,-40.17,-45.67,-39.83,-38.5,-39.33,-49.33,-48.83,-48.83,-52,-47.17,-45.5,-47.17,-48.67,-48.33,-48.83,-51.83,-48.67,-47.17,-47,-47.33,-47.33,-46,-51.5,-49.67,-46.67,-44.67,-44.5,-42,-42.83,-46.33,-42,-40.83,-41.5,-41.33,-40.83,-41.83,-45,-40.5,-37.83,-38.5,-37,-39.5,-41.33,-44.17,-39.33,-38.83,-38.5,-38,-36.33,-36,-32.83,-57.5,-60.5,-58.33,-56.67,-55,-40.33,-43,-36.67,-24.83,-26.33,-26.83,-27.17,-29.67,-33.33
"Senegal",0.33,1,-0.33,-0.83,-2.33,-1.33,-1.5,-1.83,-1.83,-1.67,-6.67,-4.83,-1.5,-0.33,0.67,0.67,1.17,0.83,0,-0.33,-0.17,0.5,0.83,-0.33,-0.33,-1.67,-0.83,-1.5,-2.5,-4,-5.5,-7.17,-9.5,-10.5,-12.5,-16.33,-18.5,-18.83,-25.5,-26.5,-26.33,-27.5,-27.5,-25.17,-24.83,-26.33,-26.83,-26,-26.33,-29.67,-24.67,-24.33,-25.5,-27,-26.33,-27,-26.67,-25.17,-33.33,-26.67,-26.5,-26.33,-27.5,-28.33,-26.17,-26.33,-27.5,-28,-27,-26.83,-29.67,-28.83,-30,-30.83,-29.67,-27.67,-36,-30.33,-29,-28.33,-27.83,-29.33,-25.83,-27.67,-27.5,-26.17,-26.83,-24.33,-26.67,-25,-25,-23.5,-25.5,-23.33,-24.17,-23.5,-27.67,-19.67,-17.33,-27.17,-36,-24.67,-23,-21.33,-21,-20.33,-19.67,-26,-18.5,-19.17,-17,-17.5
"Serbia",1.67,11.5,3.17,7.33,4,1,0.17,5.67,9,5.83,14,5.17,0.83,-3.5,5,6.5,12.33,5.5,-0.67,9.67,0.67,2.17,4.17,4.33,4.5,6.83,10.67,-0.5,-6.67,-4.83,-10.83,-15.17,-21.67,-23.17,-25.83,-27.33,-43.83,-43.17,-48.33,-47.5,-45.33,-44.17,-41.67,-48,-42.17,-41.33,-44.17,-43.5,-40.83,-49.17,-71.5,-38.83,-38,-38.67,-35.83,-32.5,-70.33,-70,-31.83,-38.17,-32.17,-29.5,-33.5,-70.5,-70.33,-69.83,-32.67,-31.67,-30.33,-24,-69.17,-68.5,-21.33,-22,-24.33,-19.83,-68.83,-45.5,-37.67,-28.83,-25,-31.83,-16.67,-14.17,-10,-7.67,-9.5,-10,-8.67,-13.17,-12.5,-7.83,-11.33,-7.67,-9.67,-19.33,-10.5,-12,-10,-19.83,-13.67,-21.67,-16.83,-15,-18.83,-16.83,-13.17,-16.5,-20.33,-24.5,-24,-30.5
"Singapore",-7.67,-12.5,-6,-7,-7.67,-7.83,-6.83,-6.33,-7.83,-7,-4.67,-6.67,-5.5,-4.83,-4.17,-5.83,-4.67,-4,-6.33,-6.83,-4.17,-7.17,-6.83,-6,-5,-7,-5.83,-5.33,-4.83,-5.83,-4.83,-1.5,-6.33,-6.5,-7,-7.83,-12,-10.83,-7.17,-9.33,-9.33,-11.33,-10.17,-14.33,-11.5,-10.17,-13.67,-15.5,-10.5,-11.83,-14.5,-11.5,-28,-35.5,-32.5,-37.5,-36.33,-40.67,-37.33,-35,-37.33,-37,-36.17,-39,-41,-39.17,-39.67,-41.33,-42.5,-43.5,-42.83,-45.5,-41.83,-41,-42.33,-42.33,-43.33,-41,-43.5,-41.17,-39.67,-39.67,-41.17,-39.67,-39.17,-41.5,-40.5,-37.17,-38.83,-39,-37.83,-37,-40.33,-37.33,-36.5,-37.67,-37.67,-37.5,-35.67,-40.5,-38.5,-36.83,-36.67,-37.33,-35.83,-34.83,-36.67,-37.33,-30.5,-32,-34.17,-30
"Slovakia",11.67,10.5,9,8.5,4.17,4.83,-0.33,8.33,-2.5,4.17,7.5,0,3.5,-1.33,7.83,-2,3.5,-1.17,-0.33,4.83,-2.5,0.83,9.5,3.67,2,-7.33,-1.17,-17.83,-30.67,-33.83,-31.5,-33.33,-30.33,-29.67,-32.17,-47.33,-44.67,-38.83,-35.33,-37.83,-35.17,-29.83,-28.5,-44.83,-35.17,-33,-30.83,-29.67,-29.5,-28,-37,-22.5,-16,-26.33,-27.17,-49.33,-29.67,-39.5,-50.33,-31.33,-25.17,-20.83,-21.17,-20.17,-46.83,-20.67,-20.17,-19.17,-19.17,-19.33,-24.5,-29,-17.17,-12.67,-21.17,-10.33,-45.67,-12.67,-38.67,-13.17,-20.67,-20,-6.5,-22.67,6,-18.67,-9.67,-15.17,-21.17,-16,-24.67,-1,-15,-0.17,-2.17,-3,-4,-1.5,-6.67,-29.5,-12,-11.67,-4.5,-10.33,-8,-0.33,-43.83,4.83,-2.33,0.5,-3,-10.83
"Slovenia",13.83,12.17,0.17,0.67,0.67,2.17,2.67,14,9.67,3.83,3.33,-10,-0.67,0.83,0.67,-14,-0.83,-2.33,0.5,1.83,-4.33,5.67,17.5,0.83,2.33,5.17,4.5,-13,-22.67,-24.67,-29.83,-33.17,-34.5,-34.83,-37.5,-41.5,-56.5,-43,-46.17,-47.83,-49.33,-42.67,-36.5,-51.5,-48.67,-44,-42.67,-40.83,-40.17,-41,-49,-35.83,-35,-35.67,-34.33,-35.33,-37.83,-46.83,-47.83,-42.67,-34.5,-33.5,-31.83,-29.5,-44,-33.33,-31.5,-29.83,-28.17,-27.67,-23.5,-39.5,-42.17,-23.67,-31.17,-13.83,-48.5,-41.5,-15,-13,-22.17,-17,-12.33,-10.33,-2.17,-18.67,-19.17,-26.67,-15.83,-14.33,-17.83,-7,-19.17,-3.33,-16.5,-8.17,-1.5,-1.17,3.83,-11.33,-5.17,-5.17,-0.67,-7.5,-2.67,3.17,-17.5,3.17,-0.33,-1.17,-10,-9
"South Africa",-0.17,-3.5,-3.67,-4.5,-4.83,-2.33,-1.5,-6,-7.67,-5,-0.17,0.67,2.5,6,6.17,8.5,3.33,4.17,4,4.5,6,3.17,-1.67,-3,-3.67,-4,-3.33,-0.67,-2,-5.67,-5.5,-7.83,-7.83,-9.33,-8.67,-14.5,-17,-13.67,-7.67,-1,2.33,-50.67,-51.33,-49.83,-47.17,-46,-44.17,-43.83,-45,-48.5,-46.67,-46,-45.83,-45.83,-43,-52.83,-47.67,-48.83,-52.5,-46.5,-43.5,-43.5,-44,-47.67,-47.67,-46,-46.17,-46,-45.5,-43.5,-43.5,-44.17,-49.83,-43.67,-42.33,-38.83,-40.83,-33.67,-35.17,-31.83,-32.83,-30.67,-30.33,-33.17,-31.83,-34.17,-34.33,-34.17,-33.83,-33.17,-32.17,-31.33,-34.17,-33.5,-34,-32.17,-31.67,-32,-30.17,-32.67,-32.17,-31.33,-29.5,-28.83,-27.83,-24,-25.33,-19.5,-22.33,-21.67,-19.83,-22.5
"South Korea",-0.5,-9.33,-5.17,-1.33,1.17,-1,-5.67,-13.83,-14.5,-3.67,-18.33,-9.17,-10.67,-20.17,-15.17,-17.83,-5.5,-8.5,-12.17,-11,-9.17,-13.5,-6,-2.83,-15.83,-3.33,-4.67,-7.5,-6.33,-10.33,-1.17,-4.83,1.83,-13.67,-3.33,-0.33,0.33,4.5,1.67,4.83,-8.33,-6.83,-4,3.33,6.67,5.83,1.67,1.67,1.17,-1,3.67,6,3.5,3,-0.17,-0.33,-0.5,-8,6.67,8.5,15.83,0.5,-11,4.5,-12,0.83,-2.83,-4.67,-3.17,-1.33,1.5,6.83,7,6.83,12.33,24,17,7.33,7.17,21.33,15.67,7.5,5.5,3.83,-12.67,3.83,9.33,6,9.33,5.83,-9.67,3.67,12.67,0.17,1.33,10.5,6.83,5.33,10.67,5.83,12.83,5.67,11.5,6.5,6.5,7.5,9.33,12.17,4.5,9.5,5,6.5
"Spain",5.5,3.33,2.5,1.67,2.67,4,4.83,10.33,9.83,6.83,2,2.67,5.5,2.67,4.33,3,-2.33,0.17,3,0.83,-0.17,3.5,6.17,2.83,4.67,3.17,-0.5,-10.5,-31.67,-52.33,-47.5,-50.5,-50.5,-57.17,-53.17,-58.83,-64.33,-54.33,-55.83,-55.83,-56.17,-55.83,-59.83,-64.83,-58.5,-59.5,-58.67,-58.5,-56.83,-59.83,-65.83,-57.17,-55.83,-53.67,-63,-69,-57,-65,-60.83,-53.33,-55,-54.5,-54.33,-58.5,-65.33,-56,-55.33,-54.17,-54.83,-53.67,-57.5,-59.67,-52,-51.17,-49.83,-47.5,-64.67,-42.17,-44.83,-38.83,-38.5,-38,-39.17,-40.5,-43.5,-51.67,-34,-37.67,-35.33,-40.67,-38.5,-38,-38.33,-27.17,-27.17,-27.5,-27.5,-28.67,-29.33,-33,-21,-20.67,-20.33,-19.33,-21.5,-18.67,-26.17,-18.33,-17.33,-19.17,-21.83,-17.17
"Sri Lanka",2.67,3.17,2.17,3,3.17,5,2.33,2.5,2.83,2.67,5,4.5,4,5.67,5.17,4.5,3.17,2.83,3.83,4.33,6.33,5.5,8.67,-8.83,5.83,6,8.5,3.67,-2.33,-6.33,-21.83,-15.33,-20.83,-24,-23.5,-58,-56.83,-47.17,-37.5,-55.33,-43.33,-51.5,-56.67,-54.33,-45.83,-54.33,-47.33,-53.17,-52.67,-55,-52.33,-41.5,-54.83,-52.67,-40.83,-52,-52.83,-52,-56.17,-56,-54,-42.5,-52,-54,-52.17,-40.67,-42.83,-42.33,-42.67,-41.17,-54.67,-52.5,-52.5,-40.83,-43,-40.33,-54.17,-52.83,-51.5,-39.17,-40.83,-37,-54.17,-53.5,-51.33,-49.67,-28.67,-29.33,-28.67,-28.83,-29.33,-29.5,-51.67,-25.83,-28,-25.5,-25.5,-23,-22.5,-50.67,-52.17,-17.17,-20,-19.67,-18.33,-16.83,-50.33,-15.83,-17,-10.17,-50.83,-53
"Sweden",1.17,-10.17,-3.33,0.83,3.83,-1.67,3.17,-2.5,4,3.33,3.17,0.5,2.5,3.17,4.17,-2.83,1.5,0.33,-1.83,1,4.17,8.5,-1.17,0.33,-0.83,0.67,-5.67,-5.33,5.83,-12.83,-6.5,-11,-13.5,-6,-11.83,0,-3.5,-13.17,-10.67,-7.67,-4,-5.67,-2.33,-6.67,-13.5,-9.5,-9.33,-16.83,-14.17,-2.67,-2.33,3,-1.33,2.5,4.5,-8.17,-4.33,-9.67,-22.5,-8.5,-2.67,-4.83,-3.67,3.33,5.33,2,10.83,10,7,-2.5,4.5,4.33,-9,-8.5,-4.33,-1.67,-25.17,3.67,5.17,-6.67,1.17,3.83,4.33,3.5,18.17,-6.17,-3.33,-6.17,-3.5,-3,-4,0.83,-2.5,-0.17,3.5,19.33,24.33,15,1,1.33,9,21,7.83,12.67,17.17,30.83,35,26.17,24.17,19.17,13,3.5
"Switzerland",5.33,9.5,-2,6.67,-4.17,7.83,3.33,11.5,11.83,14.5,4.5,-5.33,-5.67,3.33,-3.83,7,-6.17,1.5,0.67,-10.17,-4,-2.17,10,-5.17,-7.33,0,-2.5,-0.67,-7.33,2.83,-3.17,-15.5,-18.17,-22,-26.5,-36.5,-44.5,-31.67,-29.33,-32.33,-33,-27.67,-25.5,-45.33,-37.67,-27.33,-26.67,-26.5,-24.33,-24.67,-22.83,-22.83,-17.67,-19.33,-17,-33.17,-18.67,-25.33,-33.17,-24,-22.17,-22.17,-19.5,-20.67,-21.67,-25,-23.67,-18.17,-18.17,-16.83,-20.17,-24,-16.33,-27.33,-22.83,-29.17,-35.33,-27.67,-14.33,-13.33,-25.17,-17.17,-9.67,-8.33,-5.17,-12,-20.17,-12.5,-21.17,-17,-15.33,-5.67,5.33,-2,2,-3,-12.67,-2.17,-20.67,-4.67,-9.67,-6.33,-7.17,-9.5,-6.17,-0.5,11.83,-9.5,-2.17,-10.67,-19.5,-13.17
"Taiwan",5,-11.33,-6.33,-3.33,-1.33,-4.33,-0.67,-2.17,1.5,-0.83,-0.5,-1.33,-1.83,5.33,1.33,1,-3.67,-2,-6,-9,0,1,3,-2.17,-9,-1.5,-5.67,-6.33,-9.33,4.33,-0.83,-1.67,-4,-8.5,-0.33,-1.5,0.5,-4.17,-3.17,-2.5,-5.67,-5.17,-14,-1.67,-6.5,-3.5,-2.67,-8,-3.5,-14.33,-12,-10.67,-6.5,-5.83,-6.5,-2,-10,-9,-4.33,-3,-3,-5,-2.17,-3.17,-2.5,-5,-7,-7.83,-12.83,-8.83,-7.33,-6.83,-6.33,-3.33,-3.67,-3,2.33,-3.17,-2.33,-4.17,-2.33,-3.83,-5.33,-0.33,-2.67,-4.33,-3.33,-5.67,-1.67,-5.33,-1.17,-7.5,-1,-9,-12.67,-6,-15.17,-16.83,-11.17,1.5,-2.17,-6,-10,-14,-4.67,-1,0.83,-4,-2.67,-1.5,-4.17,0.67
"Tajikistan",-0.33,0.17,2.5,-2,1.17,3.83,4.5,4.83,4.83,2.17,2.67,1.33,-3.33,1.5,3.83,1.5,3.83,4.17,3.33,2.67,8.17,3.67,5,-9.33,1.67,2.67,3,5.5,6,3.83,5.67,4.33,4.33,3,2.83,-11.83,-5,-17.17,-17.17,-16,-9.83,-4.5,-4,-3.67,-3.83,-8,-10,-3.17,-1,-1.83,-3.83,-3.33,-5.33,-9.33,-11,-1.67,-5.17,-10.33,-7.83,-7.17,-9.17,-2.67,-1.5,-4.33,-7.17,-5.33,-7.17,-7.33,-7.33,-13.5,-15,-17.17,-18,-19.83,-19.17,-20.67,-25.33,-29.67,-31,-31.33,-32.33,-30.5,-31,-30.67,-32.83,-29.83,-32.67,-30.33,-32.33,-34.5,-28.5,-31,-26.5,-32,-28.83,-29.67,-28.17,-26,-25.5,-32.17,-33.83,-28,-27.5,-27,-25.5,-26.67,-22.5,-21.5,-23,-21,-21,-19.33
"Tanzania",-0.5,-0.67,-1.67,-0.33,-1,0.17,-2.33,-2.5,-9.5,-1.33,-0.83,0,2,0,2,1,-0.33,1.5,-0.83,3.17,0.67,1.17,1.83,-0.33,0.5,1.5,1.5,-0.83,-1.33,-2.33,-0.17,-0.17,-0.33,-1.17,-4.33,-5.67,-9.5,-5.5,-5.5,-4.33,-2.67,-6.5,-6.33,-8,-6.67,-6.33,-6.5,-6.5,-8.5,-8.33,-11.17,-7.83,-14.67,-7,-5.67,-17.67,-11.67,-22.17,-21.33,-11.33,-9.83,-10.17,-15.83,-20.83,-18,-13.67,-14.83,-15.33,-15,-15.33,-16.33,-17.17,-15.17,-15.67,-17.5,-12.5,-23.67,-17.33,-18.5,-15.67,-15.67,-14.17,-11.83,-14.5,-14.33,-15.67,-13.83,-13.17,-13.5,-11.83,-13.5,-12.67,-15,-12.17,-14.5,-11.67,-9.33,-10.33,-7.17,-11.5,-16.17,-8.67,-7.67,-6.17,-8,-7.5,-7.17,-5.5,-5.17,-4.17,-3.17,-5.67
"Thailand",-0.67,-1,-1,-2,-2.5,-1.83,-1.5,-2.67,-2.67,-2.67,-2,-2.67,-3.17,-1.33,-1.67,-0.83,-1.17,-2.33,-3.33,-3.17,-4.17,-4.83,-4.83,-4.33,-4.33,-5,-5.67,-6.5,-7.83,-9.83,-6.83,-8.33,-10.17,-12,-14.17,-15.33,-20.5,-20,-21.17,-21.83,-27,-28.67,-31,-33.67,-28.17,-27.33,-28.17,-29.5,-31,-32.33,-34.67,-34.33,-30,-31,-31.17,-31.17,-32.83,-34.17,-32.5,-31,-30.5,-30.5,-31.67,-32.17,-33.33,-28.67,-29.5,-30.33,-30.67,-30.17,-32,-32,-28.33,-27.67,-28.17,-24.33,-28.67,-26.83,-24.83,-28,-21.5,-26,-21.83,-22.33,-22.83,-22.83,-25.5,-19.5,-20.67,-21.17,-20.83,-21.33,-18.83,-18.67,-18.5,-17.67,-17.83,-18.33,-19.33,-19.17,-17.83,-18.17,-16.67,-17.83,-16.5,-15.17,-14,-13.33,-14.67,-17,-14.83,-15.33
"The Bahamas",3.5,3.67,4,3,4.33,3.67,1,1.17,2.17,2.67,2,4.17,2.67,4.5,6.17,2.67,3.33,1.83,4,2.5,2.67,1.5,-1.5,-1.17,0,3.17,3.83,5.17,3.67,0.17,2.5,-5,-7,-8.33,-17.17,-25.17,-29.83,-26.83,-38.67,-41.33,-40.67,-40.5,-44.33,-44.83,-42.67,-42.33,-44,-42.5,-40,-69.17,-69.83,-37.33,-33.67,-33.33,-57.5,-68.33,-69,-70.33,-68.67,-33.5,-36.67,-36.83,-35.5,-61.67,-69.33,-38,-38.67,-37.33,-38,-33.5,-62.67,-68.83,-34.33,-34.67,-34,-35,-30.5,-61,-69.17,-30,-30.17,-30.33,-29.5,-22.83,-59.33,-68.67,-32.33,-28.5,-30.83,-32.83,-29.5,-60.67,-68.5,-26.5,-28.5,-28.83,-26.83,-22.5,-58.33,-68.5,-29,-26.67,-24.67,-22.83,-18.17,-55.5,-66.83,-50.17,-21.17,-20.17,-17,-44
"Togo",-1,-2.83,-1.33,-3,-3.83,-5.83,-3.17,-22.67,-9,-5,-2.17,-2.17,-0.67,-1.33,-0.83,-2,-0.17,-0.67,1,2.5,-0.17,1,1.5,0.33,0.83,-0.67,1.67,0,-0.67,-2.17,-0.5,-1,-0.67,0,-2.17,-5.5,-16.17,-12,-14.33,-14.33,-14,-16.17,-15.5,-19.5,-17.33,-16.33,-19.5,-19.5,-21.5,-27.5,-24.5,-17.67,-17.67,-19.83,-18.33,-21.17,-21,-23,-26.67,-17.83,-18.5,-16.33,-18.67,-18.5,-23.83,-16.5,-17.83,-17,-15.33,-18.67,-16.67,-26.5,-26.33,-14.17,-15.17,-10.33,-25.83,-15.33,-26,-13.67,-13.67,-12.83,-10.83,-14,-12.17,-23.17,-12,-12.33,-12.67,-10.5,-11.17,-9.5,-15.67,-10.67,-14.5,-11.67,-17,-14.5,-11.5,-14.83,-19.17,-10.5,-10.83,-13.67,-10,-9,-10.67,-20.5,-13.67,-6.83,-6.67,-7
"Trinidad and Tobago",6,9.33,7.17,11.5,12.17,11.5,12.67,19.17,22.67,9.83,3.83,5.67,5.83,7.17,8.17,10.5,8,5.83,4.67,1.83,3.67,2.5,4.33,0.67,1.5,0.67,3.5,1.67,-6.17,-11.5,-7.33,-13.17,-14.83,-19.67,-19,-24,-27.5,-22.5,-23.67,-25,-22.17,-17.17,-20.33,-22.83,-61.67,-44.67,-43.67,-43.67,-42.5,-45.67,-46.83,-39.33,-44.17,-43.83,-40.33,-57.17,-45.5,-48.5,-58.17,-41.5,-42,-41.83,-41.67,-45.17,-48.17,-43.5,-44.33,-44.33,-43,-42.17,-42.5,-44.17,-40.67,-40.33,-39.67,-38.67,-38.17,-38.83,-41.67,-37.67,-37.67,-36.17,-36.5,-34.83,-32.33,-31.5,-34,-32.67,-32.83,-33.67,-30.67,-31.83,-32.33,-29.67,-30.17,-29.33,-29.83,-27.17,-25.67,-28.17,-42.67,-26,-25.33,-24.83,-22.33,-29,-27.33,-17.17,-19,-18.83,-20.83,-24.83
"Turkey",-0.33,5.67,5.33,5.17,2.67,2,-1.33,-0.67,7.17,4,5.33,5.5,3.67,2.17,-4.17,10.67,7.67,8.67,6.33,5.83,7.33,12.67,19.67,9.17,3.67,8.5,11,5.17,2.33,-3.33,-5.5,-10.67,-18.33,-20.33,-22.17,-25.17,-32.33,-27.5,-32.5,-32.83,-31.33,-33.33,-38.83,-45.17,-34,-37,-37,-37.67,-36.67,-42.17,-47,-38.17,-38.67,-38.83,-37,-34.17,-65,-65.33,-26.5,-32.83,-35.5,-29.67,-25.5,-65,-64.17,-27,-26.17,-22.83,-60,-58.83,-63.83,-62.67,-21.33,-27.5,-27.5,-21,-58.83,-63.17,-62.33,-23.5,-25.83,-25.5,-24.5,-21,-57.5,-52.67,-17.33,-21.17,-16.83,-19.17,-11.5,-52.17,-49.67,-43,-46,-8.17,-11.5,-5.67,-55.83,-61.67,-64.33,-63.5,-12.67,-14.33,-9.67,-45,-44.67,-7.17,-9.5,-4.17,-4.67,2
"Uganda",2.83,1,0.83,0,-1.67,0,-0.5,0.83,-0.67,-0.67,0,-1.67,0.17,0.33,2.67,1.83,1.67,0.5,0.5,2.17,3,4.17,2.17,0.17,1.83,0.67,1.5,1.83,2,-1.5,-4.5,0,-0.67,1.33,-1,-3,-7,-7.5,-8.83,-16,-22.83,-29.83,-26.33,-27.5,-27.33,-39.33,-41.5,-40,-40.5,-39.33,-35.83,-39.5,-39.67,-40.5,-40.5,-41.83,-38,-36.67,-43.5,-41.67,-40,-39.67,-40,-43.5,-39.67,-42.83,-42,-43.17,-42.33,-41.33,-40.5,-37.33,-40.83,-40.33,-40.5,-39.17,-42.17,-41.17,-36.83,-40.17,-39.5,-38.33,-38.17,-37.83,-37.5,-33.83,-37.33,-37.33,-38,-37.17,-36.83,-36,-33,-37.17,-36.83,-36.83,-36.33,-36.67,-34.67,-31.83,-35.5,-31.67,-31.67,-30.83,-30.67,-30.5,-27.33,-28.5,-28.83,-33.5,-25.83,-26
"Ukraine",3.33,3.33,3.83,3.83,7.17,5.33,4.17,6.5,-0.17,-3.17,4,6.33,4.83,3.67,8.33,6.5,1.67,7.5,10.67,12.5,11.17,14.67,15.5,-2.5,7.33,6.33,9,1.5,-0.83,-7,-1.33,-8,-12,-13.33,-19,-24.5,-35,-28.67,-29.5,-26.67,-25,-26.17,-24.5,-25.83,-27.5,-30.33,-28,-26.83,-27.17,-26.83,-28.5,-28.67,-26,-25.17,-24.33,-27.33,-28.67,-30,-25.33,-28.83,-25.5,-23.67,-22.83,-28.5,-40.17,-39.17,-29,-24.33,-20.17,-22,-23.5,-30.33,-22.5,-18.33,-16,-15.33,-24.33,-22.5,-22.83,-20.67,-19.67,-19.5,-19,-16.33,-14.17,-11.17,-10.5,-13.83,-7,-13.17,-10.33,-3.5,-6.33,-6.83,-8,-6.5,-4.17,-7.83,-3,-3.67,-8.67,-9,-2,-5.33,-6.67,-9,-2.33,-2.83,-1.67,1.17,3.33,3.33
"United Arab Emirates",2,2.17,1.5,1.17,0.67,1.33,0.83,1,1.5,0.83,0.67,-0.33,1.33,1,2,3.17,1.83,1,0.67,0.17,-2.67,0.33,1.33,-0.33,-0.67,-1.5,-3.5,-7.5,-5.17,-3.33,-5.67,-8.83,-10.5,-13.83,-23,-20.17,-21.33,-17.17,-25.33,-31.5,-34,-55.17,-49.17,-37,-37.83,-37.5,-37.33,-38.17,-47.33,-38.5,-42.33,-42.83,-44.83,-45,-45.33,-52.67,-45.5,-44.33,-44.67,-45,-45.33,-44.83,-52,-47,-45.5,-46.17,-45.83,-45.33,-44.5,-50.17,-43.5,-40.5,-40.67,-40.17,-39.33,-39.33,-46.17,-38.67,-37.33,-37.67,-37.67,-36,-36.83,-44.67,-36.67,-34.83,-35.83,-35.33,-35.67,-35.83,-43,-34.83,-33.5,-34,-34.67,-36.5,-36,-41.33,-38.33,-44.67,-41.33,-39.5,-32.5,-32.83,-38.5,-30,-27.67,-27.83,-28.5,-28.17,-29.17,-35
"United States of America",4.5,4.17,1,1.17,2,1,0.83,6.83,6.5,2.67,3,3,4.83,4.5,8.17,8.17,4.5,7.5,5.83,6.67,3.83,9.67,10.5,7,4.5,6.83,6.67,3,1.17,-1.5,-3.67,-6.33,-9.67,-12.17,-14.33,-15.5,-22.17,-23.67,-22.17,-22.67,-21,-23.17,-26.67,-27.5,-25.33,-25,-22,-23.33,-25.67,-26.5,-28.33,-25,-23.17,-24,-26.83,-27.17,-23.5,-37.67,-30.5,-25.17,-23.83,-24,-26.33,-24.33,-25,-23.33,-23,-23,-24.33,-24.5,-18.67,-23.67,-21.33,-19.83,-21,-20.83,-17,-10.67,-13.83,-17.17,-16.17,-16.5,-13.33,-17.83,-11,-13.33,-19.17,-15.33,-13.17,-14,-13.5,-8.33,-12.83,-16.67,-13.17,-11,-9.17,-9.5,-4.67,-3.67,-12.67,-9.83,-9,-9.67,-9.67,-1.5,-3.5,-8.83,-7.17,-6.83,-6,-7.5
"Uruguay",0,-4.67,-4.67,-3.17,1.17,-2,-4.5,-1.83,0.33,-4.33,-14,-1.5,-1.67,-2.33,-2,-8.5,2,4,4.5,2.5,3.33,-0.17,-2.83,1.5,1,-2,-1,0.17,-19.17,-23.83,-17.33,-26.33,-32,-34.17,-32.33,-37.5,-45.67,-37,-40.83,-41.17,-42.33,-41.17,-43.83,-47.17,-40.33,-41.5,-41.67,-38.33,-34.83,-37.17,-44.67,-38.67,-39.17,-38.5,-42.5,-50.67,-43,-43.33,-34,-41.67,-35.83,-35.17,-34.33,-36.17,-41.17,-33.5,-35.83,-35.5,-35.83,-36.83,-40.5,-41.5,-35.67,-43.33,-32.17,-27.83,-59.33,-31.5,-36.5,-31.67,-32,-28.83,-27.33,-25.17,-23.5,-27.83,-25.67,-26.67,-26.5,-28.17,-28.17,-24.17,-29.17,-29.5,-24.5,-24.33,-35.17,-34,-29.33,-33.67,-30.83,-29.83,-25.5,-26,-25,-24.67,-40.17,-26.17,-21.83,-21,-21.83,-24.17
"Venezuela",3.17,2,4.17,1.5,2.5,4.83,3.83,7,12.83,-10.83,-22.33,-0.67,2.67,5,7,5,5.67,4.17,5.33,3.17,4.5,4.33,4.17,4,0.33,6.5,5.17,6.5,1,-8.67,-21.67,-33.5,-37.5,-41,-41.33,-40.17,-41,-42.67,-44.33,-42.83,-42.83,-42,-38.33,-39,-42.17,-42.17,-42.17,-42.83,-43.33,-40.5,-41.67,-42.17,-42.33,-39.67,-46.17,-51.67,-42.83,-42.5,-40.33,-39.67,-39.17,-39,-39.17,-38,-40.33,-40.33,-40.83,-39.83,-40,-39.67,-36,-37.33,-38,-37.83,-36.83,-35.5,-41.83,-34.17,-37.33,-36.33,-36,-34.5,-34,-33.33,-25.33,-23.33,-36.5,-34,-34.5,-34.67,-32.33,-26.83,-32.17,-31.83,-32.5,-32.33,-33,-32.67,-27.67,-32.33,-32.83,-33.83,-34.17,-32.33,-30,-26,-31.33,-27.17,-26.17,-24.67,-25.33,-24.83
"Vietnam",-4.5,-6,-3.83,-3.17,-4.67,-6.67,-6,-4.33,-5.33,-2.17,-2.33,-4.5,-5.5,-4.5,-3,-2.17,-1.5,-3.17,-7.83,-5.33,-3,-2.17,-2.17,-3.67,-4.5,-6.17,-8.5,-9.5,-10,-10.67,-7.83,-10.5,-13,-14.17,-12.67,-13,-15,-10.83,-11.83,-14.5,-17,-18.83,-23.17,-27.83,-24.83,-24.33,-34.5,-42.5,-37.83,-38.33,-39.17,-33.33,-32.67,-34,-34.5,-33.5,-33.5,-37.33,-33.5,-30.33,-31.33,-29.17,-29.5,-29.67,-30,-25.33,-26,-27.17,-26.33,-25.83,-22,-21.17,-15.33,-13.17,-9.17,-13.17,-18.67,-17,-13.33,-10.17,-9.5,-9.33,-9.5,-9.17,-7.67,-6.33,-2.83,-3.17,-6.67,-5.83,-5.67,-3.33,-3.83,-2.17,-3.83,-4.17,-5,-4,-4.5,-3.5,-4.83,-2.5,-4.83,-5,-4.67,-3.67,-1.5,-1.5,-2.17,-3.33,-6,-2
"Yemen",2.17,2.33,3.67,2.67,0.67,2.5,1.33,4,3.33,4.5,4.67,3.17,5,4.17,5.67,-0.83,4.33,2.33,2.67,4.17,3.67,2.67,2,2.33,1.83,1.33,0.67,0.17,1.17,0.5,-0.17,-1.17,-2.33,-1,0.33,0.33,-2.5,-3.17,-5.5,-9.67,-7,-6.17,-3.33,-4.5,-5.17,-5.33,-7.33,-8.5,-5.5,-2.67,-4,-4.67,-3.83,-6.83,-4.83,-7.17,-5,-7.17,-6.83,-6.67,-7.33,-5.17,-3.67,-2.83,-3.17,-4.67,-7.83,-6.83,-6.83,-14,-10.67,-10.83,-11.33,-7.67,-7.17,-10.33,-6.5,-10.5,-12.33,-11.5,-9.33,-6.17,-6,2.17,-2.33,-4.67,-2.67,-2.5,-5.17,-2.33,8.83,3.33,-3.5,-1,-3.83,-3,-1.17,10.17,-0.5,-14.33,-19.67,-20.83,-21.83,-20.5,-12.17,-11.67,-11.83,-8.67,-11.83,-11,-11,-5.5
"Zambia",-0.67,-2.67,-3.17,-1.5,-3.17,-5.67,-3.67,-1.67,-4.33,-4.83,-2.33,-1,0.5,1.33,6,5.17,3.83,4.67,4.33,5.83,5.67,7.17,7.17,-5,3.17,4,-6,0.33,0.67,-1.5,-2.67,-1.5,-0.5,-0.67,-0.67,-2.83,-6.17,-4.33,-3.67,-3.83,-4,-7.33,-4.67,-8.17,-6.83,-5.17,-5,-6.17,-7.5,-7.17,-10,-9.33,-9.33,-9.5,-7.83,-16.83,-12.83,-11.67,-20,-9.17,-11.83,-10.67,-11.83,-11.67,-14.33,-13.5,-12.83,-12.83,-10.83,-9.33,-8.33,-9.67,-9.5,-7.17,-4.83,-2.5,-13.5,-5.33,-9,-7,-5.67,-4.17,-3.67,-5.17,-2.17,-5.83,-5,-4.5,-5,-3.33,-4.17,-2.5,-7,-5.5,-6.33,-4.33,-2.17,-0.33,2.67,-0.33,-10,1.67,1.17,2.17,2.67,3.67,1,0.5,0.83,0.83,1.83,1.5
"Zimbabwe",-2.5,-4.5,-0.67,1.33,-1.17,1.33,-21,-4.83,-3,-4.83,-2.5,-0.83,0.83,0.17,-0.17,2.17,-0.67,-1.5,1.33,1,-0.67,0.17,3.17,1.17,1.17,1.5,1.83,0,2.33,1.33,0.17,-1.33,-1.17,-0.17,-2.17,-1.33,-4,-1.67,-4,-10.17,-13.67,-19.5,-2.17,6.5,-50,-48.83,-46.33,-47.67,-47.5,-46.33,-40.67,-45.17,-44.67,-44.5,-42.67,-48.67,-46,-41.17,-49.83,-44,-43.83,-43.17,-42.5,-44.5,-38,-40.83,-38.5,-39,-39.17,-39.5,-37.83,-32.5,-37.67,-36.17,-36,-34.5,-41.5,-35.5,-30.83,-30.17,-28.5,-26.33,-26.17,-26.5,-24.5,-25,-25,-24.33,-24,-23.33,-21.67,-19.67,-20.83,-18.83,-17.67,-17.5,-17.33,-17.5,-14.17,-17.83,-34.17,-16,-14,-14.17,-14,-10.83,-12.67,-12.5,-17,-15.67,-12.83,-15
