"FIPS","Lean"
1001,0.753774680603949
1003,0.797922072234812
1005,0.528232445520581
1007,0.782396655829076
1009,0.913811712972217
1011,0.244111349036403
1013,0.568100150689695
1015,0.712798490467825
1017,0.575548543333089
1019,0.852666666666667
1021,0.838205869275233
1023,0.569092169092169
1025,0.553960741717744
1027,0.809163838321506
1029,0.893920595533499
1031,0.789958200636943
1033,0.696067836062848
1035,0.526153846153846
1037,0.654851830331203
1039,0.847515012137473
1041,0.730613566456209
1043,0.896757006551227
1045,0.75780692607431
1047,0.310818791946309
1049,0.855276301594278
1051,0.765972780441833
1053,0.683287482806052
1055,0.755999532655684
1057,0.831310378994303
1059,0.811626511189231
1061,0.867610035593367
1063,0.172747887033601
1065,0.399219929542023
1067,0.710752145381121
1069,0.742365674526479
1071,0.819464241828459
1073,0.462102379295092
1075,0.848957573990378
1077,0.737074317719479
1079,0.749170124481328
1081,0.619854244632657
1083,0.754301284546516
1085,0.263943322279168
1087,0.159053017672558
1089,0.587625211694739
1091,0.482393067846608
1093,0.887297339839446
1095,0.85601756954612
1097,0.568528768335107
1099,0.572232645403377
1101,0.365942379922298
1103,0.769101354123923
1105,0.268973427642898
1107,0.578701739499364
1109,0.603419876068711
1111,0.770808323329332
1113,0.49018042471659
1115,0.849919441460795
1117,0.760648770274071
1119,0.249881460407776
1121,0.629723537498091
1123,0.711243656150264
1125,0.600402591683965
1127,0.843653304592706
1129,0.71791825095057
1131,0.285878867676103
1133,0.913663366336634
4001,0.325395885163685
4003,0.616837205217162
4005,0.394453580505307
4007,0.669435921642672
4009,0.708546706692566
4011,0.634048257372654
4012,0.717640731444962
4013,0.515326132825105
4015,0.769531404729525
4017,0.555594556647586
4019,0.427015294996799
4021,0.603250739369237
4023,0.250016039006865
4025,0.667134306023195
4027,0.505625879043601
5001,0.663660017346054
5003,0.689129873483088
5005,0.778844623627394
5007,0.684898060218732
5009,0.807004814985819
5011,0.621660442401609
5013,0.708883826879271
5015,0.670023696682464
5017,0.422036399409739
5019,0.548853439680957
5021,0.759236947791165
5023,0.818236871701704
5025,0.772998430141287
5027,0.634713820381573
5029,0.646102598267821
5031,0.684774154950643
5033,0.788041938226126
5035,0.452972551060232
5037,0.696339055142033
5039,0.56432311144353
5041,0.462744152399325
5043,0.626559292594347
5045,0.667333712336555
5047,0.785502727981294
5049,0.76487439400617
5051,0.679384342934528
5053,0.806565229642153
5055,0.777318541077514
5057,0.649306580112127
5059,0.721844360038866
5061,0.700310559006211
5063,0.775220410392447
5065,0.784093113482056
5067,0.67360824742268
5069,0.369674686276077
5071,0.715073961023714
5073,0.63010752688172
5075,0.762905950816595
5077,0.414642375168691
5079,0.662260588076612
5081,0.720711715313874
5083,0.770138051199571
5085,0.778939973460308
5087,0.756292203806016
5089,0.788183161004431
5091,0.725509089741119
5093,0.554630429659885
5095,0.531595858621921
5097,0.779416101445002
5099,0.63351282863478
5101,0.804420817011751
5103,0.553246484698098
5105,0.741434557554843
5107,0.362048549437537
5109,0.821382007822686
5111,0.745326469791384
5113,0.845210727969349
5115,0.764772299585999
5117,0.754745405242543
5119,0.406130039580723
5121,0.759858442871587
5123,0.442153335178522
5125,0.730124798957633
5127,0.819381938193819
5129,0.830989876265467
5131,0.703092186255341
5133,0.753270599036034
5135,0.786015409216456
5137,0.773702031602709
5139,0.641039789099381
5141,0.776511325926995
5143,0.554180807567943
5145,0.803025107631348
5147,0.546450304259635
5149,0.756898817345598
6001,0.157052478535081
6003,0.393829401088929
6005,0.635878464430833
6007,0.520625987475637
6009,0.62973665812165
6011,0.571635544108178
6013,0.266416691365513
6015,0.595660749506903
6017,0.574972854957911
6019,0.46742153057764
6021,0.653789675816108
6023,0.356252302561418
6025,0.280002644861255
6027,0.57382142374713
6029,0.567671165665672
6031,0.570577105014191
6033,0.479701289884589
6035,0.773014901000204
6037,0.238007895224246
6039,0.578343980587332
6041,0.166855715139717
6043,0.624172384735765
6045,0.330269663602997
6047,0.434950486054329
6049,0.754547998880493
6051,0.432227682227682
6053,0.281449876192704
6055,0.307560501678149
6057,0.472803431947873
6059,0.453982556760352
6061,0.56412506596619
6063,0.610429102376394
6065,0.471389287320812
6067,0.367942195993889
6069,0.385080051075533
6071,0.443149755012882
6073,0.39379282946024
6075,0.098460702454725
6077,0.42338379510616
6079,0.455614053589246
6081,0.19583112189878
6083,0.344725302280636
6085,0.220599838540159
6087,0.19065827151682
6089,0.69895651939146
6091,0.635536688902365
6093,0.610551816958277
6095,0.336530982628986
6097,0.242670279405031
6099,0.490155550421191
6101,0.581594777934212
6103,0.694704748240147
6105,0.559490648627139
6107,0.550593101885082
6109,0.614640533919067
6111,0.404998087076287
6113,0.274721489978938
6115,0.624762808349146
8001,0.45336277173913
8003,0.488532477947073
8005,0.422668611747034
8007,0.630396215257244
8009,0.861001964636542
8011,0.668166479190101
8013,0.238277787371208
8014,0.421344360373042
8015,0.524467360638194
8017,0.875118259224219
8019,0.485482654600302
8021,0.519402985074627
8023,0.343257443082312
8025,0.760930888575458
8027,0.721133659902029
8029,0.740376064032524
8031,0.20404177827829
8033,0.795952782462057
8035,0.599036383811248
8037,0.38936290008229
8039,0.788799784352045
8041,0.62397036603792
8043,0.740584749498017
8045,0.538130557718313
8047,0.489375
8049,0.572338257768721
8051,0.390756801710823
8053,0.632462686567164
8055,0.535551763367463
8057,0.78625
8059,0.462203088779842
8061,0.888888888888889
8063,0.846988295746503
8065,0.44005544005544
8067,0.447744735344337
8069,0.472576086279263
8071,0.583333333333333
8073,0.822251195132551
8075,0.797328369648527
8077,0.696131901325726
8079,0.592082616179002
8081,0.858553163942385
8083,0.664045323862675
8085,0.724607013301088
8087,0.721051699716714
8089,0.626095794689366
8091,0.443241469816273
8093,0.642005023022185
8095,0.804220925011226
8097,0.258018820196297
8099,0.748569005723977
8101,0.502703077349598
8103,0.86488999070344
8105,0.606567046795124
8107,0.407638347622759
8109,0.447347893915757
8111,0.447916666666667
8113,0.257734530938124
8115,0.791731669266771
8117,0.347956607764208
8119,0.730071920887024
8121,0.885934489402697
8123,0.622318746447999
8125,0.841346153846154
9001,0.3962998447747
9003,0.381323087375443
9005,0.57151013724603
9007,0.461471789513678
9009,0.4361578140554
9011,0.464671296933022
9013,0.470343878954608
9015,0.541597425271882
10001,0.525873589036422
10003,0.344242565729098
10005,0.614170524994114
11001,0.0430481165814592
12001,0.381838342002707
12003,0.829759793648235
12005,0.74048409948685
12007,0.752977950494213
12009,0.603090270523038
12011,0.3204719313349
12013,0.789518317503392
12015,0.642921964916776
12017,0.704977668457505
12019,0.729318480323004
12021,0.633140749993994
12023,0.728234831420501
12027,0.641916848186381
12029,0.820924985899605
12031,0.50714942881239
12033,0.607155309737538
12035,0.605805712649438
12037,0.702845459192367
12039,0.309361780393599
12041,0.822151744327885
12043,0.70213264588704
12045,0.755993757979855
12047,0.643912474284646
12049,0.709240968745772
12051,0.573080481036078
12053,0.649699774142015
12055,0.664352163947688
12057,0.464310693395225
12059,0.897672744721689
12061,0.626038139139616
12063,0.69027791226881
12065,0.526033998126088
12067,0.844304177938082
12069,0.619223637487426
12071,0.605294840721863
12073,0.36891746464778
12075,0.729762661580843
12077,0.796180338134001
12079,0.579085591500537
12081,0.588699990760418
12083,0.634782250373806
12085,0.63802180143664
12086,0.348589201008198
12087,0.535877675840979
12089,0.759189099368561
12091,0.751445026287458
12093,0.70266616597822
12095,0.371762106987107
12097,0.370516871809604
12099,0.420974384731291
12101,0.611863436142316
12103,0.505815158320329
12105,0.572758064926891
12107,0.686832961032514
12109,0.672954781724502
12111,0.51242254137202
12113,0.779673758695989
12115,0.559754934595246
12117,0.508193371935902
12119,0.699633796836854
12121,0.782806421565942
12123,0.763047786831094
12125,0.818344679326406
12127,0.567267491213734
12129,0.707402422611036
12131,0.789286589850454
12133,0.792312631868636
13001,0.793013856812933
13003,0.729320388349515
13005,0.846928499496475
13007,0.543859649122807
13009,0.491287419416608
13011,0.899677324728659
13013,0.762351921409997
13015,0.784591978595598
13017,0.640239726027397
13019,0.838151182562993
13021,0.395249054742726
13023,0.771576763485477
13025,0.899935337859683
13027,0.594156365387703
13029,0.723990923468335
13031,0.619796370802201
13033,0.486987638256344
13035,0.723580738985242
13037,0.413140866102539
13039,0.674890350877193
13043,0.721951219512195
13045,0.706681100416539
13047,0.813974343977853
13049,0.74614412136536
13051,0.423123228805868
13053,0.558364312267658
13055,0.800247678018576
13057,0.761701926709482
13059,0.300496219281664
13061,0.448139350752177
13063,0.139162493809498
13065,0.715706589307915
13067,0.48848523957538
13069,0.70077474053501
13071,0.74081281341217
13073,0.695233331181824
13075,0.704334626412549
13077,0.719483726909804
13079,0.718947784810127
13081,0.615894936366098
13083,0.839594414893617
13085,0.872400422982023
13087,0.593454258675079
13089,0.169952251698928
13091,0.731924198250729
13093,0.510332199843055
13095,0.305041290284113
13097,0.444573823940382
13099,0.540677966101695
13101,0.865864144453998
13103,0.786465437585251
13105,0.675775762993232
13107,0.686615186615187
13109,0.680249009620826
13111,0.833578537429684
13113,0.600836590550641
13115,0.724731764493734
13117,0.748566652020619
13119,0.850186814511269
13121,0.283928029042942
13123,0.842067191769812
13125,0.899490167516387
13127,0.64625829903566
13129,0.826856085347268
13131,0.667659386719612
13133,0.631833352514674
13135,0.469400463687401
13137,0.841574682575129
13139,0.761754008805383
13141,0.237866817155756
13143,0.866636528028933
13145,0.744975658469604
13147,0.738121770843886
13149,0.819353270119135
13151,0.477380691368852
13153,0.611041167238673
13155,0.752980316052121
13157,0.829077069457659
13159,0.738482384823848
13161,0.81998001998002
13163,0.444944799535154
13165,0.627899271040424
13167,0.689192886456908
13169,0.677074841023969
13171,0.695710455764075
13173,0.711111111111111
13175,0.647654333872567
13177,0.770555877243775
13179,0.390949649458254
13181,0.684275793650794
13183,0.6588058203713
13185,0.589525600152593
13187,0.812484162513726
13189,0.594896506406746
13191,0.602245250431779
13193,0.362779740871614
13195,0.791415792189919
13197,0.612954690491385
13199,0.57855085309107
13201,0.752187748607796
13205,0.550566134843026
13207,0.712085785697009
13209,0.759169746943418
13211,0.71123400563869
13213,0.851742031134173
13215,0.403669175632604
13217,0.487983012880343
13219,0.706355887614438
13221,0.716387856257745
13223,0.712460318726371
13225,0.514886331208979
13227,0.854805575935436
13229,0.874670367800139
13231,0.854425921577835
13233,0.793458684532815
13235,0.688223665631178
13237,0.703504622661793
13239,0.555019305019305
13241,0.813219505885396
13243,0.443011502265598
13245,0.333824633230979
13247,0.366918030109166
13249,0.785904965296316
13251,0.589652096342551
13253,0.663554046406338
13255,0.625764908211015
13257,0.807098603381287
13259,0.397138628515047
13261,0.488699518340126
13263,0.373983739837398
13265,0.390380313199105
13267,0.751955142393389
13269,0.614285714285714
13271,0.651076268934361
13273,0.45254769379377
13275,0.611213935764834
13277,0.687962098916086
13279,0.738858483189992
13281,0.816472015774306
13283,0.677274429052789
13285,0.618544554844284
13287,0.627057767135588
13289,0.50798801797304
13291,0.833855268726196
13293,0.677254574161791
13295,0.818044463630477
13297,0.789633914300936
13299,0.712206140717811
13301,0.429934924078091
13303,0.496945742005031
13305,0.799784186776535
13307,0.57116953762466
13309,0.687469762941461
13311,0.853607345867949
13313,0.730711813801995
13315,0.710990502035278
13317,0.581900452488688
13319,0.551928081381595
13321,0.752814488497308
15001,0.29783866575902
15003,0.339543346039049
15007,0.315189346650021
15009,0.286536248561565
16001,0.553340927468143
16003,0.789446981227803
16005,0.624227890414941
16007,0.896257119609439
16009,0.801187709785696
16011,0.788590846648832
16013,0.342353423534235
16015,0.774782608695652
16017,0.696326061997704
16019,0.749361475202784
16021,0.802414231257942
16023,0.851024208566108
16025,0.788461538461538
16027,0.736635207862101
16029,0.893558523173606
16031,0.851682176091625
16033,0.821862348178138
16035,0.802024746906637
16037,0.806261343012704
16039,0.762254259501966
16041,0.910172655156323
16043,0.862687196793925
16045,0.829518657234013
16047,0.800984378343676
16049,0.843394002880712
16051,0.896302592435189
16053,0.777498744349573
16055,0.732116680117932
16057,0.473043365021487
16059,0.804220085470085
16061,0.816576086956522
16063,0.766839378238342
16065,0.881581542102149
16067,0.807234886025768
16069,0.689057770335544
16071,0.892711370262391
16073,0.837771067801263
16075,0.811530765382691
16077,0.704439746300211
16079,0.704336680196539
16081,0.500924641701341
16083,0.760830359541077
16085,0.603029674206267
16087,0.808819906380882
17001,0.748047003216701
17003,0.542422044960116
17005,0.702702702702703
17007,0.577487304871168
17009,0.790492957746479
17011,0.60620509470934
17013,0.699593495934959
17015,0.644383083854091
17017,0.664874922472607
17019,0.399592838752171
17021,0.725352597179223
17023,0.749699959994666
17025,0.831153782486343
17027,0.758818854313138
17029,0.640163450177235
17031,0.219484678000013
17033,0.759100253960576
17035,0.803131563872446
17037,0.482620016684784
17039,0.726635179619293
17041,0.745128808683144
17043,0.421264337264611
17045,0.758940575423501
17047,0.864881693648817
17049,0.815587988993899
17051,0.802089000108802
17053,0.760095011876485
17055,0.735078181920081
17057,0.580649572649573
17059,0.747210465563678
17061,0.774766355140187
17063,0.625214926344161
17065,0.799900199600798
17067,0.750379274127669
17069,0.79739507959479
17071,0.651057401812689
17073,0.611874343717186
17075,0.795658560470051
17077,0.482404235440673
17079,0.811390079608083
17081,0.725496277915633
17083,0.743070873693296
17085,0.578380421430596
17087,0.802797444310136
17089,0.443854312523136
17091,0.569818594104308
17093,0.50077239442271
17095,0.515706051873199
17097,0.39082182708946
17099,0.577284132202803
17101,0.778007227671657
17103,0.609052333804809
17105,0.717307286908861
17107,0.711762658778493
17109,0.562360340974923
17111,0.540814862364536
17113,0.507088093908733
17115,0.594262204428322
17117,0.681642948931512
17119,0.582191497972365
17121,0.730773970914469
17123,0.679045568711877
17125,0.668313570487484
17127,0.756714553404122
17129,0.699570105820106
17131,0.61018024879411
17133,0.695276370843427
17135,0.711224657985825
17137,0.659018297995934
17139,0.75050539083558
17141,0.640657084188912
17143,0.48353303570217
17145,0.735751851454331
17147,0.680516970648629
17149,0.802846379238175
17151,0.817340477350219
17153,0.635191505498673
17155,0.606382978723404
17157,0.744540187193582
17159,0.783695206882425
17161,0.455308958445764
17163,0.469903065097328
17165,0.762905604719764
17167,0.54973528084446
17169,0.701305918310642
17171,0.78608556577369
17173,0.782447466007417
17175,0.703044681692369
17177,0.587926369953849
17179,0.651720770474138
17181,0.706787109375
17183,0.65532513905102
17185,0.778568680261639
17187,0.588680804186175
17189,0.793702806667617
17191,0.869245165315034
17193,0.79977311401021
17195,0.533403805496829
17197,0.466261720657516
17199,0.715399157573546
17201,0.499600312564556
17203,0.721733428056178
18001,0.774753071549024
18003,0.602460663833697
18005,0.677143138348479
18007,0.749927304448968
18009,0.729370781624211
18011,0.658756494050612
18013,0.665781789222193
18015,0.768279240661359
18017,0.72072808320951
18019,0.614929467886903
18021,0.787210482605887
18023,0.751629955947137
18025,0.695020746887967
18027,0.826002899951667
18029,0.787658723256218
18031,0.800113090189426
18033,0.753563390847712
18035,0.572024707657488
18037,0.712647968433401
18039,0.668727139137796
18041,0.752282477175228
18043,0.605817338949035
18045,0.793219389184646
18047,0.814908817446888
18049,0.754077791718946
18051,0.748615052019997
18053,0.708135564992922
18055,0.778206875662578
18057,0.604173723102021
18059,0.737948084054388
18061,0.730170371206138
18063,0.681407446043673
18065,0.730585204269415
18067,0.678561192318716
18069,0.768657208841966
18071,0.769907795473596
18073,0.738100857524978
18075,0.750988663327182
18077,0.663921690490988
18079,0.776728371741594
18081,0.724121451556377
18083,0.745976160010775
18085,0.791291986247025
18087,0.771554091158704
18089,0.392734732031575
18091,0.534000235377192
18093,0.769251849821869
18095,0.635184712875949
18097,0.379771542770911
18099,0.719185297904717
18101,0.807557885539537
18103,0.782905580409701
18105,0.375711574952562
18107,0.766867762291103
18109,0.796728814700141
18111,0.74384236453202
18113,0.75754564650354
18115,0.755349500713267
18117,0.739141510635588
18119,0.759723422644771
18121,0.771414974619289
18123,0.59805723286952
18125,0.77225636523266
18127,0.535554697412699
18129,0.704737945492662
18131,0.743871839413241
18133,0.760165797184306
18135,0.754491618990264
18137,0.798729331269854
18139,0.776294557723339
18141,0.498892330708812
18143,0.696879302432308
18145,0.749661066902446
18147,0.696703063712499
18149,0.718947606142728
18151,0.730201052100598
18153,0.743909829111623
18155,0.733371559633027
18157,0.530025839793282
18159,0.778846153846154
18161,0.77373417721519
18163,0.586677483846667
18165,0.684410069760388
18167,0.57930178514841
18169,0.764934963782226
18171,0.775488359646776
18173,0.677789992552927
18175,0.756938681420009
18177,0.6582340862423
18179,0.794615201334286
18181,0.726879679426342
18183,0.770713170930311
19001,0.684752365052866
19003,0.711734693877551
19005,0.628338962235186
19007,0.689755430135112
19009,0.664179104477612
19011,0.637645236250968
19013,0.46016513423437
19015,0.574587332053743
19017,0.573702642470551
19019,0.581223628691983
19021,0.631911328779482
19023,0.695252896298389
19025,0.712700369913687
19027,0.667336885493114
19029,0.709326579261025
19031,0.595345176523499
19033,0.54093934739096
19035,0.714018054845852
19037,0.622836218375499
19039,0.649353757778842
19041,0.723234063499877
19043,0.621580547112462
19045,0.527630901689205
19047,0.698698547215496
19049,0.551912100456621
19051,0.735945945945946
19053,0.656562768086932
19055,0.658189804646862
19057,0.537117411645341
19059,0.688449383219492
19061,0.506586050529043
19063,0.697165811202856
19065,0.603716833172199
19067,0.579163357161769
19069,0.679338487972509
19071,0.714243323442136
19073,0.625138550210596
19075,0.70922763590788
19077,0.676865671641791
19079,0.620809570176659
19081,0.714773544212797
19083,0.653401318243999
19085,0.696999857813167
19087,0.665553380168145
19089,0.608908582089552
19091,0.740248962655602
19093,0.77023498694517
19095,0.627940644227289
19097,0.602836145326571
19099,0.597656913237874
19101,0.502547599892733
19103,0.29537926000786
19105,0.601661933312296
19107,0.716398985629755
19109,0.689726695949244
19111,0.586163270741777
19113,0.450873515024458
19115,0.65062539749841
19117,0.698979591836735
19119,0.849476439790576
19121,0.666832545409306
19123,0.739428912546015
19125,0.666626125030406
19127,0.54446957971187
19129,0.707978203157748
19131,0.62820007877117
19133,0.714449278681017
19135,0.714131023280996
19137,0.723368421052632
19139,0.533868092691622
19141,0.813923871515495
19143,0.820953616607201
19145,0.730298507462687
19147,0.687876758204956
19149,0.770393951452447
19151,0.737244201909959
19153,0.438320456079814
19155,0.614215366062007
19157,0.534702702702703
19159,0.707799767171129
19161,0.744620953146994
19163,0.491889582731282
19165,0.724103585657371
19167,0.865378987415862
19169,0.430801248699272
19171,0.608669033916983
19173,0.73579644475427
19175,0.647145217550945
19177,0.749406880189798
19179,0.609057236704172
19181,0.587274529236868
19183,0.610221431395809
19185,0.742109038737446
19187,0.614632357435365
19189,0.640944589066567
19191,0.504246084166824
19193,0.604025698023793
19195,0.615867436605574
19197,0.667134831460674
20001,0.718135326514555
20003,0.783714193756035
20005,0.67058628684995
20007,0.866104868913858
20009,0.810938624447414
20011,0.768055555555556
20013,0.771026797559034
20015,0.743702721671996
20017,0.75408560311284
20019,0.862526168876483
20021,0.755099548064004
20023,0.866322008862629
20025,0.873015873015873
20027,0.810257847533632
20029,0.79320652173913
20031,0.807519195128409
20033,0.87515299877601
20035,0.699602402504018
20037,0.623887723359618
20039,0.871757925072046
20041,0.789342759884787
20043,0.816160350767303
20045,0.32011856243053
20047,0.830264211369095
20049,0.867549668874172
20051,0.755353319057816
20053,0.790763052208835
20055,0.665269774751179
20057,0.704116756161366
20059,0.713009824352486
20061,0.610920526014866
20063,0.884406516679597
20065,0.845012366034625
20067,0.803563474387528
20069,0.865884752677206
20071,0.86547811993517
20073,0.816635160680529
20075,0.853510895883777
20077,0.83549602344077
20079,0.631042516016308
20081,0.809338521400778
20083,0.873340143003064
20085,0.722619702806824
20087,0.674298279653344
20089,0.871703492516037
20091,0.514285073052495
20093,0.860688550840673
20095,0.808565036752956
20097,0.887573964497041
20099,0.699580382900603
20101,0.871359223300971
20103,0.63338959313391
20105,0.845767575322812
20107,0.825592417061611
20109,0.883684621389539
20111,0.584947772520311
20113,0.726029723991507
20115,0.768772805838295
20117,0.755195250057091
20119,0.870769230769231
20121,0.714806345576676
20123,0.828725314183124
20125,0.766967126193001
20127,0.751755472945064
20129,0.871278458844133
20131,0.850484636007424
20133,0.746965610249494
20135,0.883453237410072
20137,0.867515322960868
20139,0.733546131630947
20141,0.862374483165978
20143,0.843369043221278
20145,0.766814337494966
20147,0.881563363600474
20149,0.773813154416997
20151,0.786367414796342
20153,0.882140274765004
20155,0.694093959731544
20157,0.84368486869529
20159,0.803227633069083
20161,0.519693541752365
20163,0.880745880312229
20165,0.837062937062937
20167,0.848105436573311
20169,0.686423430131546
20171,0.887672536887197
20173,0.599798827451431
20175,0.659912262377272
20177,0.514371600343544
20179,0.904078549848943
20181,0.857553366174056
20183,0.848314606741573
20185,0.830546265328874
20187,0.810543657331137
20189,0.879054425508521
20191,0.770860927152318
20193,0.860100561963916
20195,0.861052631578947
20197,0.753494282083863
20199,0.940026075619296
20201,0.850058117008911
20203,0.845984598459846
20205,0.824364281490242
20207,0.798523985239852
20209,0.343967618384401
21001,0.833793969849246
21003,0.827383237364044
21005,0.757815373299007
21007,0.7948202162434
21009,0.759263430566505
21011,0.693675444519469
21013,0.81864192323914
21015,0.722296148443853
21017,0.666148325358852
21019,0.692994085253926
21021,0.65254443632822
21023,0.793618266978923
21025,0.721960926193922
21027,0.767882520132639
21029,0.760481648048745
21031,0.823813953488372
21033,0.781515519334143
21035,0.685829584546176
21037,0.630855243275914
21039,0.828978622327791
21041,0.700595560368165
21043,0.769238568386901
21045,0.877260361657865
21047,0.662471825694966
21049,0.694732745199792
21051,0.886284590957205
21053,0.874426078971534
21055,0.842078320962375
21057,0.844984802431611
21059,0.671163222660785
21061,0.808564724286273
21063,0.72992700729927
21065,0.792664670658683
21067,0.44914424655804
21069,0.777924217462932
21071,0.749187906046976
21073,0.524449769258076
21075,0.666810159276797
21077,0.765350877192982
21079,0.802501019437271
21081,0.791893658749183
21083,0.792978283997747
21085,0.80752603654942
21087,0.840122982321291
21089,0.735788937037981
21091,0.691468253968254
21093,0.659195893926433
21095,0.869345776592706
21097,0.72796678274846
21099,0.754609929078014
21101,0.644492738259302
21103,0.730064973419965
21105,0.786799620132953
21107,0.779956093327207
21109,0.910258797244461
21111,0.42966611277809
21113,0.7157923952262
21115,0.865490153879264
21117,0.639522420055976
21119,0.777757943591574
21121,0.848789283874292
21123,0.789698864571335
21125,0.856857523302264
21127,0.821702781095376
21129,0.828901734104046
21131,0.909399773499434
21133,0.825466893039049
21135,0.847513597513598
21137,0.797348690644355
21139,0.800987211128562
21141,0.738441089907908
21143,0.727438706311946
21145,0.694596763407784
21147,0.883016208597604
21149,0.773861295490959
21151,0.665199863729276
21153,0.765412329863891
21155,0.656582489424433
21157,0.770413905214455
21159,0.906104500775996
21161,0.715070870697136
21163,0.741057675851446
21165,0.74169741697417
21167,0.763690182535767
21169,0.781508842623685
21171,0.876819020291043
21173,0.71327401489014
21175,0.782908933966336
21177,0.741650217133833
21179,0.676113767933551
21181,0.713192419825073
21183,0.792456595489922
21185,0.665940072225656
21187,0.779072186394841
21189,0.852023121387283
21191,0.798196948682386
21193,0.792500485719837
21195,0.821867066217172
21197,0.734169278996865
21199,0.844780523791959
21201,0.773700305810398
21203,0.859748620478234
21205,0.610933994568426
21207,0.862619406737054
21209,0.661132340668511
21211,0.677691043549712
21213,0.70308821492868
21215,0.789294724141713
21217,0.765198197369631
21219,0.776106574989257
21221,0.756520405032219
21223,0.759178082191781
21225,0.77934350132626
21227,0.628256534981047
21229,0.73863427204123
21231,0.816585490899769
21233,0.780024835905624
21235,0.8455041482921
21237,0.705514274540477
21239,0.608218095614382
22001,0.789626865671642
22003,0.765295887662989
22005,0.686881164598339
22007,0.630718647252231
22009,0.689197530864198
22011,0.836443168614585
22013,0.545533769063181
22015,0.73727527797984
22017,0.478158631658032
22019,0.673288854100662
22021,0.829067245119306
22023,0.909751327186365
22025,0.724640699854197
22027,0.568867026340844
22029,0.626014401645902
22031,0.609687901458475
22033,0.451548899129544
22035,0.365550569554712
22037,0.568033455732354
22039,0.7111477210324
22041,0.722172949002217
22043,0.862498544650134
22045,0.661466409290845
22047,0.467911020199437
22049,0.707307060755337
22051,0.576774593836891
22053,0.777697582100325
22055,0.675726558397162
22057,0.79141696795602
22059,0.906070485949387
22061,0.602249832102082
22063,0.875389966651128
22065,0.412545493470349
22067,0.557776443338766
22069,0.556603773584906
22071,0.153467097948044
22073,0.630785042773798
22075,0.673367814970235
22077,0.587639574136588
22079,0.667706481918096
22081,0.552321552321552
22083,0.665713680643795
22085,0.822270924650386
22087,0.673619793380272
22089,0.660087370929309
22091,0.426837606837607
22093,0.459491325585312
22095,0.374147305981216
22097,0.560770801429301
22099,0.671188193643343
22101,0.640769333749833
22103,0.766361521343314
22105,0.667997718197376
22107,0.470167064439141
22109,0.749453802241173
22111,0.747631998499484
22113,0.805096308186196
22115,0.834841348537432
22117,0.688075405523893
22119,0.648354117514886
22121,0.562713241267262
22123,0.847385272145144
22125,0.601277048598794
22127,0.737044145873321
23001,0.550921227262081
23003,0.591952446273434
23005,0.359132491131993
23007,0.530199544663185
23009,0.45956005633425
23011,0.519458156354035
23013,0.423695058126071
23015,0.487129407051282
23017,0.57113663589599
23019,0.558984689766317
23021,0.635700846660395
23023,0.465945512820513
23025,0.622628979371602
23027,0.498510904025363
23029,0.599485759493671
23031,0.474394571140832
24001,0.729799279464745
24003,0.488007431565014
24005,0.406310055478691
24009,0.589536271705592
24011,0.700306496224864
24013,0.686643391285886
24015,0.678959499506092
24017,0.341725035021013
24019,0.573952790285169
24021,0.512926131467374
24023,0.807614479502361
24025,0.62319408982127
24027,0.316389149859076
24029,0.515924240821077
24031,0.205761517819688
24033,0.0870641617576819
24035,0.680645678122246
24037,0.620451544472585
24039,0.560029359337318
24041,0.553439644939877
24043,0.65990632092327
24045,0.551530510832836
24047,0.638282090271854
24510,0.110607430291647
25001,0.427562060871421
25003,0.278086965137978
25005,0.44872607805671
25007,0.227728233888021
25009,0.380106294579869
25011,0.297457092015384
25013,0.411371062606195
25015,0.282411187578574
25017,0.296956169872986
25019,0.313348790990394
25021,0.350536683628953
25023,0.459853636370884
25025,0.170242291641344
25027,0.442355383493239
26001,0.708073487274566
26003,0.608521657250471
26005,0.654433021270078
26007,0.65081978950383
26009,0.655647596191066
26011,0.674938641941642
26013,0.651176825588413
26015,0.678132504591044
26017,0.56690014008405
26019,0.574168135171556
26021,0.567153884535235
26023,0.699590431530836
26025,0.565919749869724
26027,0.662064798029099
26029,0.628050104988777
26031,0.668694647670389
26033,0.629060064823116
26035,0.666849615806806
26037,0.567456986991188
26039,0.673576732673267
26041,0.633422566497693
26043,0.686235303527153
26045,0.525415342455326
26047,0.603593359108483
26049,0.450311888126852
26051,0.681657996308105
26053,0.578712372173412
26055,0.56664186200339
26057,0.635533256143059
26059,0.746004022440987
26061,0.584765058993997
26063,0.700150612271626
26065,0.35671420904552
26067,0.665746188017769
26069,0.657604412923562
26071,0.647120972002113
26073,0.519669783506023
26075,0.606711593584192
26077,0.431825489499247
26079,0.728442115292997
26081,0.516553197867972
26083,0.607009694258016
26085,0.619654766575128
26087,0.702274905894181
26089,0.516591736244915
26091,0.612088930060213
26093,0.656379916853214
26095,0.72055806319245
26097,0.642305712815234
26099,0.560286995426229
26101,0.581385572557592
26103,0.477254953076121
26105,0.616930219062817
26107,0.638792462186958
26109,0.654428278488429
26111,0.603986727793116
26113,0.774852539202992
26115,0.616921453425361
26117,0.682256567531577
26119,0.731034482758621
26121,0.49198567362558
26123,0.709516015898995
26125,0.457402103205419
26127,0.645299526827962
26129,0.692604240641169
26131,0.637260950030845
26133,0.730604521462006
26135,0.731412400308721
26137,0.699204872272035
26139,0.662972122302158
26141,0.651567944250871
26143,0.655053105889926
26145,0.505970066210427
26147,0.666417586000761
26149,0.664167782240071
26151,0.733992030132649
26153,0.651210191082803
26155,0.605173716012085
26157,0.697158697158697
26159,0.574354693720303
26161,0.282674721127327
26163,0.305961624024467
26165,0.692712662787476
27001,0.637687861271676
27003,0.552828434188783
27005,0.676280457483839
27007,0.553797955934467
27009,0.69533275713051
27011,0.63582443653618
27013,0.520584814753281
27015,0.698259963114426
27017,0.490974729241877
27019,0.574638082430187
27021,0.6685419596812
27023,0.655520724486242
27025,0.665283740394675
27027,0.51078675416761
27029,0.726708074534162
27031,0.376792698826597
27033,0.686764980399477
27035,0.669902912621359
27037,0.47405577294755
27039,0.677848166995534
27041,0.691625810924578
27043,0.683940105695831
27045,0.618258897762003
27047,0.593171257323726
27049,0.597820070677396
27051,0.651199494949495
27053,0.308779534278602
27055,0.575350886179695
27057,0.679614376637963
27059,0.706769645448891
27061,0.589012992933668
27063,0.707508331699667
27065,0.692073574169644
27067,0.637624058650441
27069,0.621086556169429
27071,0.607489361702128
27073,0.637298499166203
27075,0.487934764519887
27077,0.735785953177257
27079,0.665121332850417
27081,0.691866714439269
27083,0.654814547423518
27085,0.709449600186774
27087,0.515877147319105
27089,0.723663433340853
27091,0.720980091883614
27093,0.717485613103143
27095,0.692116182572614
27097,0.780400917763555
27099,0.542619926199262
27101,0.696650269383931
27103,0.516878024872879
27105,0.659736055776892
27107,0.573405332433345
27109,0.49582962633452
27111,0.691535387562337
27113,0.65072393037254
27115,0.6413749902122
27117,0.747592385218365
27119,0.655832298590315
27121,0.642990337345313
27123,0.285136265645613
27125,0.678762641284949
27127,0.731349658314351
27129,0.697873555016412
27131,0.516607513560571
27133,0.692428315412186
27135,0.745996989188449
27137,0.43583558754309
27139,0.583608473338203
27141,0.700243539439859
27143,0.72659857282776
27145,0.650567677236894
27147,0.642123974998566
27149,0.569481180061038
27151,0.637341363734136
27153,0.753017394391196
27155,0.624776652769506
27157,0.643850760018425
27159,0.741757399171906
27161,0.677683134582624
27163,0.489894611980474
27165,0.604103011785247
27167,0.704500330906684
27169,0.516093324250681
27171,0.680323229782417
27173,0.689359967386873
28001,0.430929498936248
28003,0.814934841067365
28005,0.613942170054395
28007,0.601670966949257
28009,0.567002518891688
28011,0.336608976239366
28013,0.696825396825397
28015,0.693374703413032
28017,0.530735596707819
28019,0.695956065901148
28021,0.127118644067797
28023,0.665242165242165
28025,0.420380875202593
28027,0.275556565197637
28029,0.475163500467144
28031,0.623923774537941
28033,0.676648869346734
28035,0.568900172940354
28037,0.644328676296472
28039,0.894374164352566
28041,0.816537954417028
28043,0.574369828747354
28045,0.805071407752842
28047,0.655917299221429
28049,0.27215755526602
28051,0.16366591647912
28053,0.272619611558503
28055,0.43001443001443
28057,0.883488056743507
28059,0.696454458849356
28061,0.480371163454675
28063,0.128037627384374
28065,0.398642095053346
28067,0.720992694456382
28069,0.386102062975027
28071,0.577039435274136
28073,0.783217075310137
28075,0.611547742157877
28077,0.650811326757875
28079,0.571599330623954
28081,0.689013612825204
28083,0.292026547867988
28085,0.70295842217484
28087,0.52893583100837
28089,0.581488643844635
28091,0.680621905671849
28093,0.450855578370979
28095,0.647951054744758
28097,0.571254814514494
28099,0.738791610544545
28101,0.70378331900258
28103,0.216333153055706
28105,0.491884141095498
28107,0.500604838709677
28109,0.83147853736089
28111,0.772175536881419
28113,0.498940941938699
28115,0.812450872504323
28117,0.787236232629954
28119,0.302143072743737
28121,0.769775486228952
28123,0.589220404234841
28125,0.318747121142331
28127,0.656164018816011
28129,0.785685884691849
28131,0.7713330425934
28133,0.293518226704486
28135,0.42455595792378
28137,0.656247263812276
28139,0.797181237612861
28141,0.877648499693815
28143,0.242329545454545
28145,0.821107850982484
28147,0.592462751971954
28149,0.512676499921264
28151,0.315447545717036
28153,0.629598486441034
28155,0.795995995995996
28157,0.315688622754491
28159,0.560502283105023
28161,0.566633098355153
28163,0.461322363800542
29001,0.632738719832109
29003,0.765212399540758
29005,0.7920030757401
29007,0.730918228457753
29009,0.808318008204838
29011,0.861835245046924
29013,0.78763617272608
29015,0.780796709244425
29017,0.872559652928417
29019,0.468153895893954
29021,0.639606396063961
29023,0.818051060769507
29025,0.794103194103194
29027,0.723539842624404
29029,0.780397936624908
29031,0.760849362133544
29033,0.823668639053254
29035,0.842028985507246
29037,0.690347071583514
29039,0.832393899204244
29041,0.7686294945284
29043,0.784356465757591
29045,0.772470144563168
29047,0.559213854835571
29049,0.733167341010478
29051,0.69284246671733
29053,0.744309158284807
29055,0.808965228320067
29057,0.833289714734363
29059,0.822519882796149
29061,0.791249642550758
29063,0.811182401466544
29065,0.851322590453025
29067,0.847913446676971
29069,0.772771037935683
29071,0.741663352242993
29073,0.788595271210014
29075,0.792024750773462
29077,0.646183019633497
29079,0.816124469589816
29081,0.83780729019497
29083,0.750106022052587
29085,0.777095217200527
29087,0.847338319401672
29089,0.718640350877193
29091,0.828246095147252
29093,0.772771553823673
29095,0.562410162536703
29097,0.768371237018536
29099,0.686215259830623
29101,0.69820347091455
29103,0.788857938718663
29105,0.834585979007386
29107,0.730536533475168
29109,0.818574108818011
29111,0.781673679289388
29113,0.765104912783349
29115,0.767267267267267
29117,0.794108072916667
29119,0.83236629667003
29121,0.78927307378165
29123,0.803211278637165
29125,0.81768082663605
29127,0.758801256746959
29129,0.873090481786134
29131,0.841413683733575
29133,0.711743772241993
29135,0.812120291616039
29137,0.787387836490528
29139,0.786694624475791
29141,0.792682926829268
29143,0.731639594613356
29145,0.804643150765376
29147,0.716129756426086
29149,0.809303350970018
29151,0.854391596148235
29153,0.834059133623653
29155,0.670614109287769
29157,0.819648789748458
29159,0.747636278744018
29161,0.727267525035765
29163,0.744915254237288
29165,0.563883452924549
29167,0.79868390848573
29169,0.771683075480544
29171,0.845784185233727
29173,0.777168592128451
29175,0.767325723603751
29177,0.696880517951736
29179,0.816700610997963
29181,0.8449177877429
29183,0.639334440496962
29185,0.789046653144016
29186,0.683752177158497
29187,0.736487056244203
29189,0.413858665652638
29195,0.681838923112024
29197,0.809575040344271
29199,0.806878306878307
29201,0.786477931075673
29203,0.792624265098878
29205,0.806389776357827
29207,0.855191045928213
29209,0.820068557182923
29211,0.781742738589212
29213,0.806923042959954
29215,0.837027256436857
29217,0.792839805825243
29219,0.739451617196859
29221,0.785379986628037
29223,0.830895469140207
29225,0.801648248735718
29227,0.805583250249252
29229,0.85146629427447
29510,0.166566720237952
30001,0.745774021352313
30003,0.469470483911832
30005,0.51336032388664
30007,0.803834303320781
30009,0.672166427546628
30011,0.906417112299465
30013,0.617222623950703
30015,0.696391538780589
30017,0.75667287399131
30019,0.812917594654788
30021,0.808375943511079
30023,0.461397539911018
30025,0.892533147243545
30027,0.780296106744654
30029,0.694645441389291
30031,0.49537962037962
30033,0.950509461426492
30035,0.34170006327779
30037,0.837155963302752
30039,0.716346153846154
30041,0.59463156095059
30043,0.676437246963563
30045,0.787714543812105
30047,0.611896635787421
30049,0.538520383769483
30051,0.77212389380531
30053,0.7672748004561
30055,0.848425196850394
30057,0.736430645521555
30059,0.790672451193059
30061,0.719307733910222
30063,0.413622590299853
30065,0.855589386689865
30067,0.580758017492711
30069,0.902597402597403
30071,0.844194022537972
30073,0.709105242412298
30075,0.874381800197824
30077,0.786434108527132
30079,0.847560975609756
30081,0.704131602719536
30083,0.853461454466041
30085,0.535299374441466
30087,0.69537037037037
30089,0.778706395348837
30091,0.722351571594878
30093,0.425208402800934
30095,0.801269424381703
30097,0.798698047070606
30099,0.728676964405641
30101,0.788309636650869
30103,0.85609756097561
30105,0.752790178571429
30107,0.796821793416572
30109,0.893822393822394
30111,0.648586961690257
31001,0.737707522440226
31003,0.877046548956661
31005,0.934865900383142
31007,0.949468085106383
31009,0.901960784313726
31011,0.847401400663472
31013,0.789393278044522
31015,0.884788478847885
31017,0.900520156046814
31019,0.753620939375129
31021,0.717925386715196
31023,0.816710875331565
31025,0.708109919571046
31027,0.860833536436754
31029,0.905992303463442
31031,0.892176870748299
31033,0.837522851919561
31035,0.835460503621939
31037,0.716501650165017
31039,0.812809164280135
31041,0.879872563718141
31043,0.609780775716695
31045,0.766676376347218
31047,0.736945812807882
31049,0.870828848223897
31051,0.785906815556411
31053,0.686122815500449
31055,0.487107605633803
31057,0.902412280701754
31059,0.776522056142909
31061,0.843456480901691
31063,0.873328088119591
31065,0.863370786516854
31067,0.68491680085883
31069,0.850293542074364
31071,0.871549893842888
31073,0.827083333333333
31075,0.948320413436692
31077,0.812834224598931
31079,0.69637506041566
31081,0.811628405921476
31083,0.854857142857143
31085,0.940239043824701
31087,0.884422110552764
31089,0.891299897645855
31091,0.89873417721519
31093,0.807637906647808
31095,0.741347342398022
31097,0.706465067778936
31099,0.82148653034729
31101,0.849973725696269
31103,0.92
31105,0.852564102564103
31107,0.815762538382805
31109,0.498744796981034
31111,0.806791802082642
31113,0.925925925925926
31115,0.870619946091644
31117,0.948339483394834
31119,0.796761376415024
31121,0.829365079365079
31123,0.86385426653883
31125,0.817769130998703
31127,0.729403653912444
31129,0.83020683020683
31131,0.705882352941177
31133,0.777334397446129
31135,0.883164005805515
31137,0.870617507351278
31139,0.888759464181712
31141,0.80559841304827
31143,0.830807046292503
31145,0.868447889047522
31147,0.771954279342069
31149,0.907529722589168
31151,0.634156639223137
31153,0.616909915819394
31155,0.749652708870808
31157,0.758563577505082
31159,0.744167007777323
31161,0.885108086469175
31163,0.771812080536913
31165,0.883787661406026
31167,0.839861751152074
31169,0.804313725490196
31171,0.919786096256685
31173,0.531600407747197
31175,0.840018876828693
31177,0.738927042898378
31179,0.763321995464853
31181,0.812958435207824
31183,0.85876993166287
31185,0.798504926945294
32001,0.779880478087649
32003,0.443117942526762
32005,0.673199582511887
32007,0.799374705049552
32009,0.83502538071066
32011,0.907151819322459
32013,0.76536312849162
32015,0.819363514119229
32017,0.854294478527607
32019,0.722540743081576
32021,0.649229074889868
32023,0.723422738625258
32027,0.765411893071468
32029,0.682432432432432
32031,0.493179345987499
32033,0.793877551020408
32510,0.57730371673631
33001,0.588298001949318
33003,0.52983129389617
33005,0.433384694401644
33007,0.547847054770927
33009,0.400042087542088
33011,0.501062113606076
33013,0.483793918224779
33015,0.530664570144508
33017,0.454491448582059
33019,0.513948395696468
34001,0.463763268611263
34003,0.431550867876285
34005,0.423096062977199
34007,0.331122234987326
34009,0.602720569539791
34011,0.468232996323529
34013,0.20780690299428
34015,0.502507179311679
34017,0.23029207362885
34019,0.57257802100281
34021,0.305978750463674
34023,0.389095466096197
34025,0.548604164472991
34027,0.522422509530913
34029,0.672650237201807
34031,0.384380552670291
34033,0.579140887396146
34035,0.433251319496805
34037,0.658360378157189
34039,0.316033183623473
34041,0.633403339061075
35001,0.397698591016946
35003,0.774193548387097
35005,0.699337172661089
35006,0.460640138408304
35007,0.548366567670768
35009,0.743254359986838
35011,0.762607626076261
35013,0.400720140237836
35015,0.723157315731573
35017,0.457281217571774
35019,0.380191693290735
35021,0.665952890792291
35023,0.537190082644628
35025,0.760730593607306
35027,0.716664640816823
35028,0.376527295146284
35029,0.521204855387382
35031,0.273233404710921
35033,0.30213539300318
35035,0.659985564377325
35037,0.685041808609477
35039,0.272837540747479
35041,0.727613338328962
35043,0.483194061031112
35045,0.684766362010242
35047,0.240987705772036
35049,0.220069097888676
35051,0.651233232366941
35053,0.441221116545792
35055,0.203583426651736
35057,0.675395526459356
35059,0.791666666666667
35061,0.549343199201862
36000,0.201439671865936
36001,0.365276918257734
36003,0.719538116849543
36005,0.0965581195729646
36007,0.510797829205914
36009,0.674637705985131
36011,0.562479777389504
36013,0.623340238729407
36015,0.593637384060968
36017,0.637623020967052
36019,0.489663819981022
36021,0.473691460055096
36023,0.530234052809169
36025,0.643114868867467
36027,0.498129906978994
36029,0.466374743349374
36031,0.506234096692112
36033,0.529771877819307
36035,0.674516484617697
36037,0.688581314878893
36039,0.638392421134876
36041,0.685031530036509
36043,0.67383584859979
36045,0.611801416844709
36047,0.18045616858816
36049,0.701687843732221
36051,0.617786829599457
36053,0.57732855124443
36055,0.420027431467461
36057,0.631481895395619
36059,0.46925867633679
36061,0.100830509580055
36063,0.593704296160877
36065,0.603862409016201
36067,0.426811098751952
36069,0.539327006754797
36071,0.528867053538776
36073,0.709853303907569
36075,0.61827032579327
36077,0.560124584368029
36079,0.582539340375081
36081,0.224047011451315
36083,0.50759297442921
36085,0.577725253445723
36087,0.467636062125249
36089,0.547405984079056
36091,0.51735742454118
36093,0.46177033492823
36095,0.675617779817917
36097,0.620316914383982
36099,0.559498956158664
36101,0.681733871992276
36103,0.535613066654851
36105,0.559002070248079
36107,0.63792937554123
36109,0.264155268587148
36111,0.446818295294782
36113,0.546113306982872
36115,0.599348247313722
36117,0.634412395191708
36119,0.324714719767223
36121,0.761164810962927
36123,0.607361304861037
37001,0.565420696888475
37003,0.786693091732729
37005,0.744921875
37007,0.434732272069465
37009,0.728934324659232
37011,0.788531363465632
37013,0.623975629639164
37015,0.374269005847953
37017,0.547796002050231
37019,0.647253113542014
37021,0.42476823615516
37023,0.699885299687908
37025,0.60240653682561
37027,0.759601666381327
37029,0.735684647302905
37031,0.727758299550783
37033,0.557034572009614
37035,0.694909404659189
37037,0.448126801152738
37039,0.791301809690601
37041,0.57293748215815
37043,0.7644727773949
37045,0.655548649955114
37047,0.611613456181701
37049,0.611340138004012
37051,0.417229592251974
37053,0.758777740973832
37055,0.613424686864361
37057,0.749965482009223
37059,0.747508623993867
37061,0.595951219512195
37063,0.189505347593583
37065,0.337390238921789
37067,0.445760653371587
37069,0.559742835647356
37071,0.664673299273998
37073,0.546491728465488
37075,0.810417180942977
37077,0.512867924528302
37079,0.548188996114801
37081,0.396514495976709
37083,0.364461842689374
37085,0.62262406710108
37087,0.643799741514183
37089,0.643630023725645
37091,0.309621340793286
37093,0.443783598307217
37095,0.571682201509099
37097,0.688833534621578
37099,0.561337655690155
37101,0.657190514177968
37103,0.590196467553086
37105,0.567056780116621
37107,0.51864975044767
37109,0.744283388884583
37111,0.757369378736678
37113,0.713227077574546
37115,0.633392473620319
37117,0.502171506429362
37119,0.345534127266264
37121,0.797410510281797
37123,0.63209219858156
37125,0.651231337704778
37127,0.500902178115737
37129,0.52052707316385
37131,0.368291178285009
37133,0.679442126070723
37135,0.236455147808359
37137,0.634953772740829
37139,0.487049717177731
37141,0.653465713333086
37143,0.643011083743842
37145,0.58812703754338
37147,0.460439914855189
37149,0.644387317909169
37151,0.789314001021972
37153,0.549830544376191
37155,0.521946804766454
37157,0.653465828827512
37159,0.688153030059476
37161,0.744341966443181
37163,0.58451841638763
37165,0.460847145488029
37167,0.755867575194439
37169,0.785822505853726
37171,0.75968420039154
37173,0.618816177746919
37175,0.615997189366436
37177,0.575221238938053
37179,0.660177744348996
37181,0.37482746280865
37183,0.393093272496181
37185,0.333852705931235
37187,0.422127099110965
37189,0.492078318663553
37191,0.558507402149665
37193,0.781572885817703
37195,0.471339463354304
37197,0.814553990610329
37199,0.666423129109696
38001,0.808
38003,0.664284212739121
38005,0.524562394127612
38007,0.893501805054152
38009,0.772136222910217
38011,0.864315600717274
38013,0.882642998027613
38015,0.74936079054661
38017,0.559394186324234
38019,0.740316421167485
38021,0.75056280954525
38023,0.779676258992806
38025,0.831845937059652
38027,0.69022687609075
38029,0.886363636363636
38031,0.781486146095718
38033,0.889385474860335
38035,0.60093413261741
38037,0.8569218870843
38039,0.739737991266376
38041,0.862068965517241
38043,0.861240310077519
38045,0.746848209783157
38047,0.88622754491018
38049,0.807086614173228
38051,0.823970037453184
38053,0.840201465201465
38055,0.781218376846792
38057,0.858219178082192
38059,0.786348501664817
38061,0.679116254602841
38063,0.656630365150545
38065,0.874604847207587
38067,0.764278296988577
38069,0.769271948608137
38071,0.681279119017365
38073,0.5908203125
38075,0.831658291457286
38077,0.697848045674133
38079,0.367008443908323
38081,0.610549943883277
38083,0.87248322147651
38085,0.255402750491159
38087,0.893827160493827
38089,0.847671185262426
38091,0.598442714126808
38093,0.728949652777778
38095,0.70616570327553
38097,0.646035367940673
38099,0.719605958673715
38101,0.762458063988217
38103,0.810835214446953
38105,0.853015926804473
39001,0.788256713700501
39003,0.696352298942464
39005,0.752937631816812
39007,0.599511505334876
39009,0.409536863367479
39011,0.824189416026151
39013,0.706118489278426
39015,0.769998943252668
39017,0.645920129454528
39019,0.745809155383623
39021,0.733294629898403
39023,0.601455589154836
39025,0.716500588965649
39027,0.772899910634495
39029,0.718146368005804
39031,0.728814704689823
39033,0.746380785259925
39035,0.316251832674658
39037,0.81741687770607
39039,0.685272045028143
39041,0.584802925639984
39043,0.550287074639406
39045,0.640421995808946
39047,0.744829513694802
39049,0.362071752805029
39051,0.693143897259581
39053,0.788915662650602
39055,0.632416938655954
39057,0.62645999767691
39059,0.724183750949127
39061,0.44599932200604
39063,0.715642755681818
39065,0.749076222394088
39067,0.751252578838786
39069,0.712338209389599
39071,0.787950317540606
39073,0.692389178617992
39075,0.829843928435478
39077,0.692885814330857
39079,0.755142314990512
39081,0.685795011691348
39083,0.700717896124826
39085,0.580694429382207
39087,0.728246892413202
39089,0.651780149331569
39091,0.774461269656377
39093,0.499510342610659
39095,0.405819944137972
39097,0.708775137111517
39099,0.483040082164383
39101,0.681465707742376
39103,0.630057936361964
39105,0.763820670916501
39107,0.838008616562949
39109,0.738640211956413
39111,0.745482388973966
39113,0.503848734370235
39115,0.71850170261067
39117,0.760583105226303
39119,0.683817049944569
39121,0.788388214904679
39123,0.604307956824912
39125,0.75642965204236
39127,0.711958791591257
39129,0.723406058038551
39131,0.690673892142295
39133,0.552329759009507
39135,0.781245258206464
39137,0.836604596544204
39139,0.694636924537257
39141,0.642995035852179
39143,0.621680320060964
39145,0.692338791186578
39147,0.666921588915381
39149,0.81417246967109
39151,0.59079827542724
39153,0.454868808926353
39155,0.532649557791347
39157,0.688334270955864
39159,0.701014953126211
39161,0.795154185022026
39163,0.741880015284677
39165,0.697143831988004
39167,0.718780658724597
39169,0.682226591403987
39171,0.732588820028226
39173,0.543299451651732
39175,0.748071721927276
40001,0.775976657480953
40003,0.899488134015821
40005,0.837056773929084
40007,0.918856615952052
40009,0.867914144193726
40011,0.802225312934631
40013,0.788887215780756
40015,0.72815097730847
40017,0.774022454510259
40019,0.774586008786752
40021,0.646860841423948
40023,0.797648397496681
40025,0.931334622823984
40027,0.616946343484566
40029,0.822000866175834
40031,0.625954447562488
40033,0.828894269572236
40035,0.773803071364047
40037,0.786949226728917
40039,0.788116817724068
40041,0.781264451344388
40043,0.898491083676269
40045,0.912231030577576
40047,0.784524159560913
40049,0.816481994459834
40051,0.816869515992075
40053,0.863829787234043
40055,0.821052631578947
40057,0.76063829787234
40059,0.90771349862259
40061,0.807549639973816
40063,0.779029661991262
40065,0.802069336199946
40067,0.83956043956044
40069,0.797370456303171
40071,0.765053425518542
40073,0.86772130595759
40075,0.771929824561403
40077,0.795483705414421
40079,0.804358295208283
40081,0.817073170731707
40083,0.762429394329176
40085,0.79901558654635
40087,0.81983440204196
40089,0.827691719257984
40091,0.721683272155218
40093,0.904849600982198
40095,0.793285552621652
40097,0.771464815062091
40099,0.793424553401748
40101,0.653475238922676
40103,0.804809358752166
40105,0.817376322914103
40107,0.748063051028587
40109,0.556521294745697
40111,0.671018080876285
40113,0.692032574006823
40115,0.747038668624572
40117,0.77869257368681
40119,0.65454616926766
40121,0.774599125364432
40123,0.741470002843332
40125,0.747936135439802
40127,0.827211827211827
40129,0.911071849234393
40131,0.796418910215123
40133,0.730478917230609
40135,0.780557746074987
40137,0.821287931433866
40139,0.843402080671655
40141,0.747404844290657
40143,0.621520432562849
40145,0.773849569429494
40147,0.758156470080966
40149,0.867627194957227
40151,0.849524358604785
40153,0.879085872576177
41001,0.775795383655646
41003,0.315329049204935
41005,0.464031666202943
41007,0.467970097757332
41009,0.565215531987684
41011,0.630982234309328
41013,0.763455328310011
41015,0.626476719944406
41017,0.518426068802759
41019,0.710423599983566
41021,0.737362637362637
41023,0.812864016206635
41025,0.810013908205841
41027,0.334491923941934
41029,0.547921519167591
41031,0.647879002717712
41033,0.666807014067763
41035,0.739193344185205
41037,0.825457525266321
41039,0.395193473577643
41041,0.445385980479148
41043,0.650467144494299
41045,0.762076271186441
41047,0.52306359097099
41049,0.72792937399679
41051,0.188491463600682
41053,0.535633484162896
41055,0.78372591006424
41057,0.531285551763367
41059,0.689754164644994
41061,0.721832191780822
41063,0.718466195761857
41065,0.549557188618805
41067,0.351861720124509
41069,0.792225201072386
41071,0.546403139761698
42001,0.688466763069103
42003,0.413779686396203
42005,0.765899158567608
42007,0.59687972440457
42009,0.842867612191232
42011,0.55194986947556
42013,0.737102819580736
42015,0.740146878824969
42017,0.495928139737675
42019,0.692684814862598
42021,0.691337423312883
42023,0.749528301886792
42025,0.677155966617291
42027,0.487465796965258
42029,0.450410402023305
42031,0.746394444774171
42033,0.752505130991187
42035,0.678721386970066
42037,0.668349543395946
42039,0.694894043050225
42041,0.594657415139332
42043,0.484697656268665
42045,0.384168376326505
42047,0.722366335206802
42049,0.508279672705426
42051,0.658405664687072
42053,0.728886964053703
42055,0.740231731441405
42057,0.861943687556767
42059,0.707651164307612
42061,0.761519466190301
42063,0.683435852372584
42065,0.806283833987899
42067,0.819595799484843
42069,0.4820708001634
42071,0.602226132825634
42073,0.644775211096179
42075,0.681344362621473
42077,0.475376417613893
42079,0.600035077284408
42081,0.732357596562995
42083,0.742975734355045
42085,0.627404180838157
42087,0.7842635356964
42089,0.496047783192678
42091,0.388552886371722
42093,0.649232658072437
42095,0.519795953857747
42097,0.722050262672157
42099,0.771236665349664
42101,0.15697493984321
42103,0.634323640960809
42105,0.827618164967563
42107,0.724046008787086
42109,0.745533159534558
42111,0.787771543662782
42113,0.753370601775732
42115,0.715610081048074
42117,0.777276620039966
42119,0.63218664444709
42121,0.717465293327362
42123,0.708035410282601
42125,0.628259712613092
42127,0.698606571477722
42129,0.661339114937766
42131,0.698687539531942
42133,0.652254227310558
44001,0.38029184695003
44003,0.503599390468183
44005,0.397516346762286
44007,0.388748444056617
44009,0.446605763395713
45001,0.643849961919269
45003,0.643886401790711
45005,0.223893303064699
45007,0.727178678115584
45009,0.361193051458538
45011,0.526321455484982
45013,0.57183586464162
45015,0.592187749030441
45017,0.514538043478261
45019,0.457946364618616
45021,0.713439014064632
45023,0.524776076278532
45025,0.575881261595547
45027,0.488556687392512
45029,0.543785141763369
45031,0.51906361464141
45033,0.49141312875948
45035,0.592578164696318
45037,0.603723638930557
45039,0.367025154939847
45041,0.525433967627881
45043,0.566435388774879
45045,0.631846378172652
45047,0.612930037583116
45049,0.402864402864403
45051,0.693779235108549
45053,0.465494032127793
45055,0.629377152698048
45057,0.631984226372865
45059,0.654191791480257
45061,0.350287428142964
45063,0.694332616089401
45065,0.51685831221984
45067,0.388496396203525
45069,0.417473828392525
45071,0.617038314648269
45073,0.751429636996519
45075,0.311929723652906
45077,0.777763468555484
45079,0.326972810947909
45081,0.662669384818323
45083,0.65601080207097
45085,0.438049168068798
45087,0.598897370653096
45089,0.328271579941959
45091,0.616113044200578
46003,0.741248097412481
46005,0.699701586304382
46007,0.617810760667904
46009,0.74937700249199
46011,0.580373269114991
46013,0.638101559907069
46015,0.732677902621723
46017,0.366167023554604
46019,0.828275351591414
46021,0.870210135970334
46023,0.718118782031957
46025,0.741054001301236
46027,0.447106211575154
46029,0.709818979703785
46031,0.52359750667854
46033,0.746035342093339
46035,0.686501597444089
46037,0.625528642829681
46039,0.705578512396694
46041,0.4487895716946
46043,0.862113402061856
46045,0.790402647545505
46047,0.75360144057623
46049,0.807909604519774
46051,0.710408589322994
46053,0.803616273229533
46055,0.923988153998026
46057,0.787029930928626
46059,0.806376811594203
46061,0.779281624154086
46063,0.948158253751705
46065,0.678646379853096
46067,0.7843564973512
46069,0.812874251497006
46071,0.690909090909091
46073,0.710526315789474
46075,0.867052023121387
46077,0.704993705413344
46079,0.635705289672544
46081,0.688306863564595
46083,0.657433722163309
46085,0.725854383358098
46087,0.742242449317336
46089,0.822878228782288
46091,0.583425414364641
46093,0.791541635408852
46095,0.628125
46097,0.715298885511651
46099,0.578682229226598
46101,0.624008651766402
46103,0.679247003053922
46105,0.876397107166338
46107,0.832814930015552
46109,0.581976112920738
46111,0.772641509433962
46113,0.0876045074518357
46115,0.668589974756581
46117,0.777251184834123
46119,0.832107843137255
46121,0.244477911646586
46123,0.817463453180561
46125,0.753463314520267
46127,0.703738193428229
46129,0.805779855503612
46135,0.631584821428571
46137,0.510402219140083
47001,0.680673162090345
47003,0.771856730058464
47005,0.761873990306947
47007,0.801504757689754
47009,0.755767716932765
47011,0.808078614474184
47013,0.814490840072619
47015,0.780483054148812
47017,0.769215511256571
47019,0.83032774802221
47021,0.744448105436573
47023,0.803447185325743
47025,0.824420164845697
47027,0.751755617977528
47029,0.831719334012912
47031,0.752453027139875
47033,0.753453169347209
47035,0.796915869607652
47037,0.362231914109694
47039,0.80053547523427
47041,0.767210682492582
47043,0.737009189640769
47045,0.783317943982764
47047,0.689682497754768
47049,0.845895208741945
47051,0.725009430403621
47053,0.723902541482882
47055,0.732065766510517
47057,0.851670951156812
47059,0.814909122837826
47061,0.784466019417476
47063,0.795554886614489
47065,0.587344926109109
47067,0.851270207852194
47069,0.540311950790861
47071,0.83163794893087
47073,0.825998511535599
47075,0.448096371207615
47077,0.818877037633327
47079,0.756343966271577
47081,0.757414549807155
47083,0.715879265091864
47085,0.714803537770045
47087,0.74135166093929
47089,0.808757525998905
47091,0.845576742732104
47093,0.627157638827122
47095,0.701654601861427
47097,0.615113350125945
47099,0.814907158322945
47101,0.801117318435754
47103,0.802810376775787
47105,0.781659194815571
47107,0.807153453106972
47109,0.80926824233667
47111,0.85385139740968
47113,0.58002338036593
47115,0.731003039513678
47117,0.741573033707865
47119,0.70334249490203
47121,0.796093377798952
47123,0.807608695652174
47125,0.598464100666173
47127,0.824175824175824
47129,0.837721324095458
47131,0.797021419009371
47133,0.756996501749125
47135,0.784008683068017
47137,0.790379350801721
47139,0.802803591116711
47141,0.735001740610374
47143,0.816827013770987
47145,0.766520249070811
47147,0.745191384804392
47149,0.637367739895871
47151,0.866150759529951
47153,0.808336366945759
47155,0.819704518124034
47157,0.357611822853911
47159,0.764861478490881
47161,0.759732599292175
47163,0.788807361015498
47165,0.734060623810221
47167,0.745098039215686
47169,0.689734339127583
47171,0.817972017885475
47173,0.833140972794724
47175,0.771513353115727
47177,0.729636711281071
47179,0.724511379981386
47181,0.875369372501304
47183,0.764685908319185
47185,0.806116015132409
47187,0.687447719828672
47189,0.732576081500623
48001,0.796680748340374
48003,0.824480369515012
48005,0.741902348832432
48007,0.758451739343459
48009,0.905741626794258
48011,0.929577464788732
48013,0.64948375913784
48015,0.805971397507736
48017,0.771970132107984
48019,0.825462635251289
48021,0.607056549057516
48023,0.868998628257888
48025,0.579384465070835
48027,0.579048764462856
48029,0.429255755220287
48031,0.771994134897361
48033,0.914127423822715
48035,0.832217408428515
48037,0.738226408388129
48039,0.627557310480986
48041,0.626230621251556
48043,0.525822784810127
48045,0.872905027932961
48047,0.240392156862745
48049,0.881140929755096
48051,0.780960775672102
48053,0.794033089232438
48055,0.582535260316907
48057,0.686500888099467
48059,0.895288921604711
48061,0.331615545603889
48063,0.717552118359112
48065,0.913210177762287
48067,0.802673929190394
48069,0.728865979381443
48071,0.81899674587094
48073,0.788320722479863
48075,0.876885644768856
48077,0.890901689395481
48079,0.781357882623705
48081,0.900355871886121
48083,0.891164095371669
48085,0.588383025307489
48087,0.87145390070922
48089,0.760948026948989
48091,0.760198066493751
48093,0.845958609918001
48095,0.856727976766699
48097,0.848580441640379
48099,0.707096998091272
48101,0.846153846153846
48103,0.778189910979229
48105,0.724852071005917
48107,0.716191631291692
48109,0.381471389645777
48111,0.850303438975051
48113,0.363171161216809
48115,0.759435321233074
48117,0.710693359375
48119,0.821109123434705
48121,0.606064804453397
48123,0.825950314277162
48125,0.855039637599094
48127,0.309501112170321
48129,0.865112994350282
48131,0.321053915589168
48133,0.88566376897009
48135,0.709404859791885
48137,0.71115347950429
48139,0.734402065561983
48141,0.272980747953087
48143,0.838444278234854
48145,0.671414634146342
48147,0.817465753424658
48149,0.803067879121888
48151,0.758393285371703
48153,0.772132006286014
48155,0.772177419354839
48157,0.465482960746417
48159,0.843529411764706
48161,0.803788181939442
48163,0.431627906976744
48165,0.867451154529307
48167,0.628173572371503
48169,0.84192439862543
48171,0.820323543269986
48173,0.942078364565588
48175,0.729195658224325
48177,0.744884702825593
48179,0.902652409387585
48181,0.774229605926445
48183,0.711258376400188
48185,0.763041365158224
48187,0.665757955763953
48189,0.751860162985709
48191,0.84484389782403
48193,0.864651031364792
48195,0.910047343503419
48197,0.828983516483517
48199,0.8758152416689
48201,0.435416299469881
48203,0.723899613899614
48205,0.909090909090909
48207,0.817122888759464
48209,0.504489187173751
48211,0.889835666463786
48213,0.806644155666974
48215,0.290484977694968
48217,0.798735677597787
48219,0.821756967039185
48221,0.842142575817251
48223,0.81009306196565
48225,0.758279359648051
48227,0.789461163316284
48229,0.608222490931076
48231,0.788952682637102
48233,0.891843971631206
48235,0.88
48237,0.904472163066626
48239,0.825145067698259
48241,0.803773013107054
48243,0.622202327663384
48245,0.502455893558408
48247,0.208232445520581
48249,0.447416212646525
48251,0.80155318764674
48253,0.837358818418766
48255,0.721411192214112
48257,0.742179857017434
48259,0.811663133950266
48261,0.459016393442623
48263,0.859188544152745
48265,0.791101392359871
48267,0.891749868628481
48269,0.967532467532468
48271,0.671449067431851
48273,0.480788285808654
48275,0.813584905660377
48277,0.802524250440917
48279,0.801391035548686
48281,0.811514997458058
48283,0.435782108945527
48285,0.862627685804861
48287,0.784581566964987
48289,0.875479452054794
48291,0.79531868316915
48293,0.765249537892791
48295,0.895672333848532
48297,0.823585354255825
48299,0.819735282497037
48301,0.935483870967742
48303,0.700845485406836
48305,0.793227296049256
48307,0.841133816743573
48309,0.640707353663556
48311,0.919028340080972
48313,0.791824196597353
48315,0.719141755062681
48317,0.845438698431145
48319,0.823880597014925
48321,0.705039608966796
48323,0.213123439037312
48325,0.722830312817752
48327,0.815789473684211
48329,0.786693050768118
48331,0.756268568033274
48333,0.889243391066545
48335,0.834114339268978
48337,0.894780644394246
48339,0.76632559941677
48341,0.783645320197044
48343,0.707452268528023
48345,0.933993399339934
48347,0.683304806402368
48349,0.749812453113278
48351,0.78765613519471
48353,0.775376555337263
48355,0.50784282341643
48357,0.905582356995176
48359,0.915948275862069
48361,0.816468253968254
48363,0.82906325060048
48365,0.821498054474708
48367,0.847784446430852
48369,0.797916666666667
48371,0.61362506215813
48373,0.783762846666322
48375,0.719390185802763
48377,0.309004739336493
48379,0.863359442993908
48381,0.838565281984989
48383,0.809360730593607
48385,0.840632603406326
48387,0.773596059113301
48389,0.460663198959688
48391,0.638966480446927
48393,0.963235294117647
48395,0.679377092126328
48397,0.746627827638692
48399,0.87766675668377
48401,0.788554540569586
48403,0.866869037294016
48405,0.742355605889015
48407,0.798157868673864
48409,0.623415147600593
48411,0.873597929249353
48413,0.797862001943635
48415,0.857476181217188
48417,0.930452397029034
48419,0.803289694528365
48421,0.893687707641196
48423,0.725470885140958
48425,0.85561782759541
48427,0.193172934943108
48429,0.897102306327617
48431,0.886914378029079
48433,0.804347826086957
48435,0.774495677233429
48437,0.783403656821378
48439,0.545347486177959
48441,0.7672781816084
48443,0.672897196261682
48445,0.765566625155666
48447,0.894868585732165
48449,0.714866051822574
48451,0.749829547004118
48453,0.292119530896574
48455,0.804107961296894
48457,0.841463414634146
48459,0.847328244274809
48461,0.778808971384377
48463,0.555619397839577
48465,0.458223121207406
48467,0.868418578412937
48469,0.705849175541621
48471,0.678998682476943
48473,0.646907058173106
48475,0.764864864864865
48477,0.763942207021707
48479,0.234317877438737
48481,0.705428511850977
48483,0.914949583516002
48485,0.759072552951842
48487,0.796477987421384
48489,0.311330247534715
48491,0.5522335840715
48493,0.745050031935278
48495,0.769610532089962
48497,0.858317415497052
48499,0.856519367157665
48501,0.808367071524966
48503,0.882840711515314
48505,0.332794307891332
48507,0.208408408408408
49001,0.874405328258801
49003,0.842750826901874
49005,0.711702915628577
49007,0.754433638443936
49009,0.811274509803922
49011,0.683762844112314
49013,0.916777629826897
49015,0.900131406044678
49017,0.817718940936864
49019,0.501905972045743
49021,0.825137392049104
49023,0.86479045579688
49025,0.753493013972056
49027,0.899557212770916
49029,0.846746347941567
49031,0.930163447251114
49033,0.88457269700333
49035,0.439759036144578
49037,0.564326861531897
49039,0.862813550555987
49041,0.906523201075992
49043,0.411134783583763
49045,0.709503239740821
49047,0.907913003239241
49049,0.781781735830579
49051,0.666267160601438
49053,0.805659450678152
49055,0.780921584478577
49057,0.63496196698545
50001,0.320719302494551
50003,0.383147956544232
50005,0.461975123132148
50007,0.2533678403596
50009,0.596435643564356
50011,0.483455780809811
50013,0.415247137671042
50015,0.33021922116363
50017,0.399027733503347
50019,0.498743232791957
50021,0.477866278624493
50023,0.300635649001392
50025,0.275538041830858
50027,0.328924735292993
51001,0.560138354108203
51003,0.3661128431298
51005,0.692329545454546
51007,0.688706846108836
51009,0.657755820249053
51011,0.738562936159214
51013,0.179907666530008
51015,0.761881188118812
51017,0.719665271966527
51019,0.758379300962228
51021,0.850297422339722
51023,0.748502994011976
51025,0.404676497940747
51027,0.809138294332927
51029,0.558067250635773
51031,0.745794392523364
51033,0.526327417335592
51035,0.806458932082892
51036,0.371601208459215
51037,0.617500887468939
51041,0.511952275176229
51043,0.604382780082988
51045,0.798209623274897
51047,0.632414250521129
51049,0.569828861187408
51051,0.786979415988511
51053,0.56365425370875
51057,0.511059819195999
51059,0.307521015203483
51061,0.630434782608696
51063,0.697089424469907
51065,0.549472037543997
51067,0.719004104390924
51069,0.686123898461134
51071,0.751908396946565
51073,0.707891891891892
51075,0.631658253597529
51077,0.798971281611659
51079,0.670312323824557
51081,0.40442374854482
51083,0.584543099813264
51085,0.671558327119908
51087,0.389207501040366
51089,0.64974792788174
51091,0.72084273890143
51093,0.607617625093353
51095,0.527232684170152
51097,0.588449677600224
51099,0.646898131829397
51101,0.684029765311963
51103,0.551157697121402
51105,0.82257360959651
51107,0.409671789345453
51109,0.628912783751493
51111,0.589946602835574
51113,0.667321051041981
51115,0.692322834645669
51117,0.568722980855006
51119,0.635167878158532
51121,0.492882472137791
51125,0.529644268774704
51127,0.695987654320988
51131,0.452112438983336
51133,0.601341906625664
51135,0.567497324568109
51137,0.638487680543755
51139,0.756984050265829
51141,0.784967161274629
51143,0.700874711410269
51145,0.745374725619316
51147,0.471813161527842
51149,0.587891628145865
51153,0.387964190084656
51155,0.712156754519111
51157,0.592393840410639
51159,0.621629213483146
51161,0.646148782093483
51163,0.655673341185709
51165,0.735094467699966
51167,0.803392118808539
51169,0.839133089133089
51171,0.727732741260908
51173,0.785340314136126
51175,0.58342989571263
51177,0.588526262111168
51179,0.548238798238798
51181,0.444634563676363
51183,0.416497770571544
51185,0.839727619996678
51187,0.694900247904616
51191,0.776745869014594
51193,0.536938676967649
51195,0.81733955501454
51197,0.783863920099875
51199,0.591688654353562
51510,0.188367575538446
51515,NA
51520,0.727218671027204
51530,0.673575129533679
51540,0.141891567997699
51550,0.506655792414271
51570,0.705889662027833
51580,0.596111356606275
51590,0.397723559525106
51595,0.340232858990944
51600,0.334447556238143
51610,0.185356292874143
51620,0.360659898477157
51630,0.358243230312889
51640,0.701838879159369
51650,0.302327152362617
51660,0.380114119218162
51670,0.451271924729934
51678,0.335964912280702
51680,0.548666625984012
51683,0.414092932665554
51685,0.351022888393761
51690,0.378211897219289
51700,0.358270264187041
51710,0.274285714285714
51720,0.727207977207977
51730,0.10770486935867
51735,0.760794860301808
51740,0.309866317930834
51750,0.474204565881718
51760,0.160894258570838
51770,0.398894133513149
51775,0.632306615330766
51790,0.490445251289891
51800,0.436128469699172
51810,0.519000718603373
51820,0.560537069468768
51830,0.269948113869023
51840,0.481213582479405
53001,0.703560018256504
53003,0.64687323943662
53005,0.641623840987574
53007,0.581583509921017
53009,0.515313536782649
53011,0.499146859037355
53013,0.739990113692536
53015,0.57456109091773
53017,0.661318091040562
53019,0.667272727272727
53021,0.597772949483976
53023,0.753097345132743
53025,0.703357642054087
53027,0.539234101276498
53029,0.468357641090679
53031,0.322955116888675
53033,0.231462530264984
53035,0.43698183179703
53037,0.574222525442038
53039,0.579885805869979
53041,0.694937748846616
53043,0.767563527653214
53045,0.532800934943514
53047,0.604098566758863
53049,0.537074148296593
53051,0.693356587918186
53053,0.459741609834608
53055,0.272616632860041
53057,0.481001827869171
53059,0.567441860465116
53061,0.409130348791956
53063,0.547460931844287
53065,0.724436162079511
53067,0.414096165965492
53069,0.617647058823529
53071,0.584750481901906
53073,0.402213217884069
53075,0.476107788282205
53077,0.571508777695615
54001,0.787441294138111
54003,0.696265253297177
54005,0.784181335905474
54007,0.728077398106217
54009,0.720657021646905
54011,0.634246093874812
54013,0.816940987555199
54015,0.801952580195258
54017,0.866911764705882
54019,0.707107257458865
54021,0.776730848013109
54023,0.894606834088102
54025,0.717363561294197
54027,0.80899419729207
54029,0.731985868046997
54031,0.787253637870694
54033,0.709045530176978
54035,0.772061970384319
54037,0.581110817709709
54039,0.608073440295092
54041,0.796556411418215
54043,0.784362991427727
54045,0.825506714488281
54047,0.762980056040877
54049,0.678069526627219
54051,0.768118245390973
54053,0.786235233692861
54055,0.787226343405102
54057,0.815647482014389
54059,0.852386596271953
54061,0.556336965379856
54063,0.799963989917177
54065,0.78466803559206
54067,0.79760202397976
54069,0.669733044733045
54071,0.766869203709626
54073,0.791540785498489
54075,0.728971962616822
54077,0.794303797468354
54079,0.751436296045962
54081,0.77385841142817
54083,0.736105750675415
54085,0.872853114586004
54087,0.755746552068759
54089,0.743810548977395
54091,0.760443444730077
54093,0.773522316043426
54095,0.855266914073651
54097,0.798654657393684
54099,0.76862636983941
54101,0.805458362491253
54103,0.768798911194284
54105,0.83195472355246
54107,0.751729029969853
54109,0.860428440005257
55001,0.613452271096073
55003,0.438512616201859
55005,0.633279031882709
55007,0.454345192201784
55009,0.557376641258097
55011,0.615349544072948
55013,0.647368421052632
55015,0.614067376170281
55017,0.601074005705655
55019,0.671638312747611
55021,0.51144983023911
55023,0.528821020773146
55025,0.246806668859611
55027,0.65605377853291
55029,0.516797110174594
55031,0.459864787659493
55033,0.560007799551526
55035,0.460646181207391
55037,0.740148263753414
55039,0.640941467946733
55041,0.637694419030192
55043,0.551417727171244
55045,0.487959584619703
55047,0.696993493381198
55049,0.418975431259801
55051,0.621468926553672
55053,0.562213565536205
55055,0.585674614095219
55057,0.636209360485888
55059,0.501768900774416
55061,0.646156851255005
55063,0.448830682881197
55065,0.54741913282863
55067,0.663778877887789
55069,0.610021786492375
55071,0.615215257699143
55073,0.595709268590625
55075,0.675486017257511
55077,0.626611724046258
55078,0.211477987421384
55079,0.30350446046358
55081,0.61695652173913
55083,0.692532789883472
55085,0.599228524800949
55087,0.567050505280149
55089,0.601407170243883
55091,0.621233455364686
55093,0.573217922606925
55095,0.646013560907178
55097,0.483043514667709
55099,0.630894758677915
55101,0.52299630847256
55103,0.529342105263158
55105,0.444551114624952
55107,0.677654046028211
55109,0.599917631446483
55111,0.501678933622766
55113,0.596731499597192
55115,0.677838067879562
55117,0.585736456491139
55119,0.733170134638923
55121,0.566461538461538
55123,0.524123464189392
55125,0.631347090192442
55127,0.606661479908321
55129,0.622007366482505
55131,0.712677725118483
55133,0.642794322594612
55135,0.657314547890698
55137,0.669138818602216
55139,0.539713299048471
55141,0.601734993703652
56001,0.524565277394424
56003,0.870691500749304
56005,0.922582154134019
56007,0.77514064697609
56009,0.892049127343245
56011,0.924606462303231
56013,0.726687056679899
56015,0.827031074503931
56017,0.828986746472852
56019,0.844957472660996
56021,0.682235035694673
56023,0.85984271943176
56025,0.781705333731621
56027,0.906580016246954
56029,0.814285714285714
56031,0.826997112608277
56033,0.778139922686273
56035,0.841105354058722
56037,0.789990250243744
56039,0.348998664886515
56041,0.836595976073953
56043,0.845483589892536
56045,0.910264105642257
NA,NA
2001,NA
2002,NA
2003,NA
2004,NA
2005,NA
2006,NA
2007,NA
2008,NA
2009,NA
2010,NA
2011,NA
2012,NA
2013,NA
2014,NA
2015,NA
2016,NA
2017,NA
2018,NA
2019,NA
2020,NA
2021,NA
2022,NA
2023,NA
2024,NA
2025,NA
2026,NA
2027,NA
2028,NA
2029,NA
2030,NA
2031,NA
2032,NA
2033,NA
2034,NA
2035,NA
2036,NA
2037,NA
2038,NA
2039,NA
2040,NA
2099,NA
